m,n,Re_Z,Im_Z
0,0,0.0540369630736181,-628.182178165419
0,1,0.0775150714528227,85.3932545256928
0,2,0.0695989363363772,146.822834243726
0,3,0.0694775814013457,43.05235013515
0,4,0.0693079384114687,17.4700659123522
0,5,0.0690902606955422,8.84986730981945
0,6,0.0688248731202351,5.13866401587817
0,7,0.0685121714612013,3.27246432085395
0,8,0.0681526216372951,2.22800151312539
0,9,0.0677467588098912,1.59562889628141
0,10,0.0672951863485226,1.18890182189767
0,11,0.0667985746660823,0.914418312694204
0,12,0.0662576599253174,0.721758586323673
0,13,0.0656732426202197,0.58202391545565
0,14,0.0650461860347826,0.477814396554022
0,15,0.0643774145828917,0.398212475514393
0,16,0.0636679120332601,0.336123456465753
0,17,0.0629187196224931,0.28679551080387
0,18,0.0621309340614987,0.246961167533132
0,19,0.0613057054387298,0.214321078087861
0,20,0.060444235025357,0.18722367040303
0,21,0.0595477729872511,0.164460757593738
0,22,0.0586176160082715,0.145133863240007
0,23,0.0576551048307103,0.128564836720416
0,24,0.0426849336886867,0.0881044900265989
0,25,0.0284440307705136,0.0582290150306459
0,26,0.0285337547226298,0.0587242317367118
0,27,0.0285990942117362,0.0585641999695536
0,28,0.0286399803904444,0.0578560376881369
0,29,0.0286563846669786,0.0566999917921339
0,30,0.0286483187201265,0.0551869846654597
0,31,0.028615834431505,0.053397393174607
0,32,0.0285590237357082,0.0514007489025805
0,33,0.0284780183884041,0.0492560790586463
0,34,0.028372989653341,0.0470126551761643
0,35,0.0282441479087019,0.0447109686535933
0,36,0.028091742174076,0.0423838007225047
0,37,0.0279160595588941,0.040057295715579
0,38,0.0277174246339596,0.0377519793331675
0,39,0.0274961987273812,0.0354836882889443
0,40,0.027252779146601,0.0332643953473989
0,41,0.0269875983285146,0.031102925711663
0,42,0.0267011229194678,0.0290055683228995
0,43,0.0263938527874325,0.0269765900659358
0,44,0.0260663199686879,0.0250186630983957
0,45,0.0257190875514308,0.0231332162673948
0,46,0.0253527484988649,0.021320721395726
0,47,0.0249679244146473,0.0195809244933339
0,48,0.0245652642534067,0.0179130309458032
1,0,0.0775150714528227,85.3932545256929
1,1,0.0540369630736183,-628.182178165419
1,2,0.0775150714528162,85.393254525693
1,3,0.069598936336384,146.822834243726
1,4,0.069477581401349,43.05235013515
1,5,0.0693079384114622,17.4700659123522
1,6,0.0690902606955423,8.84986730981941
1,7,0.0688248731202352,5.1386640158782
1,8,0.0685121714611882,3.27246432085396
1,9,0.0681526216373119,2.2280015131254
1,10,0.0677467588098913,1.5956288962814
1,11,0.0672951863485161,1.18890182189768
1,12,0.0667985746660825,0.914418312694198
1,13,0.0662576599253176,0.721758586323673
1,14,0.0656732426202232,0.582023915455647
1,15,0.0650461860347759,0.477814396554029
1,16,0.0643774145828918,0.398212475514407
1,17,0.0636679120332668,0.336123456465747
1,18,0.0629187196224965,0.286795510803864
1,19,0.062130934061499,0.246961167533132
1,20,0.0613057054387299,0.21432107808786
1,21,0.0604442350253569,0.187223670403032
1,22,0.0595477729872446,0.164460757593736
1,23,0.0586176160082749,0.145133863240003
1,24,0.0434243989020316,0.0992148071815338
1,25,0.0289370313688301,0.0655308370745917
1,26,0.0290229328330417,0.0660413569902983
1,27,0.029084428305263,0.065773317712734
1,28,0.0291214518016608,0.0648622839453643
1,29,0.029133977358574,0.063434004010828
1,30,0.0291220190461861,0.0616013083134688
1,31,0.0290856309004828,0.0594627182901941
1,32,0.0290249067738306,0.0571022989922704
1,33,0.0289399801042837,0.0545903449210655
1,34,0.028831023604445,0.051984567668875
1,35,0.0286982488705744,0.0493315356534095
1,36,0.0285419059128408,0.0466681897056991
1,37,0.0283622826080121,0.044023318617556
1,38,0.0281597040756656,0.0414189250681964
1,39,0.0279345319795974,0.0388714458887802
1,40,0.0276871637560189,0.036392813581244
1,41,0.0274180317703472,0.0339913607712852
1,42,0.0271276024044852,0.0316725780231315
1,43,0.0268163750770723,0.0294397399863281
1,44,0.026484881198437,0.0272944165871976
1,45,0.0261336830632049,0.0252368859598292
1,46,0.0257633726829002,0.0232664647669166
1,47,0.0253745705611563,0.0213817699898881
1,48,0.0249679244146457,0.0195809244933339
2,0,0.0695989363363839,146.822834243726
2,1,0.0775150714528162,85.3932545256931
2,2,0.0540369630736252,-628.182178165421
2,3,0.0775150714528129,85.3932545256928
2,4,0.0695989363363838,146.822834243726
2,5,0.0694775814013524,43.0523501351503
2,6,0.0693079384114656,17.4700659123523
2,7,0.0690902606955423,8.84986730981952
2,8,0.0688248731202318,5.13866401587817
2,9,0.0685121714611882,3.27246432085396
2,10,0.0681526216372986,2.2280015131254
2,11,0.0677467588099013,1.59562889628142
2,12,0.0672951863485194,1.18890182189768
2,13,0.0667985746660759,0.914418312694218
2,14,0.0662576599253242,0.721758586323687
2,15,0.0656732426202264,0.582023915455647
2,16,0.0650461860347793,0.477814396554005
2,17,0.0643774145828885,0.398212475514407
2,18,0.0636679120332602,0.33612345646576
2,19,0.0629187196225,0.286795510803864
2,20,0.0621309340614957,0.246961167533138
2,21,0.0613057054387297,0.214321078087853
2,22,0.0604442350253603,0.187223670403034
2,23,0.0595477729872512,0.164460757593738
2,24,0.044140371562015,0.11208497493088
2,25,0.029414371040675,0.0739765754901983
2,26,0.0294962800634732,0.0744944067938791
2,27,0.0295537656402833,0.0740791454369396
2,28,0.0295867650731118,0.0729042046679907
2,29,0.0295952554473286,0.071128860606253
2,30,0.0295792536434109,0.0688943264065913
2,31,0.0295388162673721,0.066322226323137
2,32,0.0294740395006609,0.0635147600545995
2,33,0.0293850588697719,0.0605559506510504
2,34,0.0292720489358175,0.0575135006922878
2,35,0.0291352229053468,0.0544409109852911
2,36,0.0289748321630185,0.051379627887731
2,37,0.0287911657273021,0.0483610738178069
2,38,0.0285845496304835,0.045408480789472
2,39,0.0283553462246598,0.0425384920895149
2,40,0.0281039534150371,0.0397625266626322
2,41,0.0278308038224404,0.037087918482055
2,42,0.0275363638772425,0.0345188526552602
2,43,0.0272211328464017,0.0320571240028658
2,44,0.0268856417961711,0.0297027443957081
2,45,0.0265304524928808,0.0274544236812515
2,46,0.0261561562440344,0.0253099465456329
2,47,0.0257633726828969,0.0232664647669149
2,48,0.0253527484988682,0.021320721395726
3,0,0.0694775814013424,43.0523501351501
3,1,0.0695989363363807,146.822834243725
3,2,0.0775150714528196,85.3932545256928
3,3,0.054036963073625,-628.182178165419
3,4,0.0775150714528094,85.3932545256929
3,5,0.0695989363363838,146.822834243726
3,6,0.0694775814013491,43.0523501351501
3,7,0.0693079384114655,17.4700659123522
3,8,0.0690902606955456,8.84986730981955
3,9,0.0688248731202352,5.13866401587817
3,10,0.0685121714611949,3.27246432085395
3,11,0.0681526216372886,2.22800151312541
3,12,0.0677467588099013,1.59562889628139
3,13,0.0672951863485261,1.18890182189768
3,14,0.0667985746660692,0.914418312694192
3,15,0.0662576599253241,0.721758586323686
3,16,0.0656732426202264,0.582023915455664
3,17,0.0650461860347759,0.477814396554012
3,18,0.0643774145828918,0.3982124755144
3,19,0.0636679120332637,0.33612345646576
3,20,0.0629187196224967,0.286795510803864
3,21,0.0621309340614955,0.246961167533135
3,22,0.0613057054387297,0.214321078087855
3,23,0.060444235025357,0.187223670403029
3,24,0.044831822450167,0.127127856108807
3,25,0.0298753634345508,0.0838311851709631
3,26,0.0299531147235384,0.0843430394199605
3,27,0.0300064289313302,0.0837261739580283
3,28,0.0300352470599537,0.0822049921062875
3,29,0.0300395496581582,0.0799833384695967
3,30,0.0300193568295375,0.0772395364445108
3,31,0.0299747281609464,0.0741248310430614
3,32,0.0299057625705366,0.0707641432339974
3,33,0.0298125980762991,0.0672582288713438
3,34,0.0296954114857931,0.063686555783706
3,35,0.0295544180074159,0.0601104194554644
3,36,0.0293898707843414,0.0565759889505788
3,37,0.0292020603524204,0.0531171046051523
3,38,0.0289913140230498,0.049757740713094
3,39,0.0287579951924898,0.04651410688319
3,40,0.0285025025794462,0.0433963986379225
3,41,0.0282252693925641,0.0404102280555903
3,42,0.0279267624296662,0.0375577743835948
3,43,0.0276074811110888,0.0348386967152928
3,44,0.027267956449099,0.0322508489476016
3,45,0.026908749955914,0.0297908332760781
3,46,0.0265304524928742,0.0274544236812498
3,47,0.0261336830632116,0.0252368859598308
3,48,0.0257190875514275,0.0231332162673948
4,0,0.0693079384114653,17.4700659123522
4,1,0.0694775814013524,43.0523501351499
4,2,0.0695989363363738,146.822834243726
4,3,0.0775150714528193,85.3932545256931
4,4,0.0540369630736314,-628.18217816542
4,5,0.0775150714528092,85.3932545256926
4,6,0.0695989363363803,146.822834243726
4,7,0.0694775814013488,43.0523501351503
4,8,0.0693079384114653,17.4700659123523
4,9,0.0690902606955422,8.84986730981951
4,10,0.068824873120235,5.13866401587817
4,11,0.0685121714612014,3.27246432085393
4,12,0.0681526216372851,2.22800151312541
4,13,0.0677467588099012,1.59562889628139
4,14,0.0672951863485259,1.1889018218977
4,15,0.0667985746660689,0.914418312694198
4,16,0.066257659925324,0.721758586323673
4,17,0.0656732426202196,0.582023915455664
4,18,0.0650461860347857,0.477814396554009
4,19,0.0643774145828852,0.398212475514397
4,20,0.0636679120332602,0.336123456465753
4,21,0.062918719622503,0.28679551080387
4,22,0.0621309340614954,0.24696116753313
4,23,0.0613057054387262,0.214321078087863
4,24,0.0454977539732002,0.144884541863496
4,25,0.0303193432866614,0.0954407136836555
4,26,0.0303927765379595,0.0959250105329236
4,27,0.0304417626376984,0.0950302483214274
4,28,0.0304662466934251,0.0930504579188292
4,29,0.030466213123335,0.0902494293158136
4,30,0.0304416856604311,0.0868544743194718
4,31,0.0303927272771206,0.0830550774020023
4,32,0.0303194400307943,0.0790047235638509
4,33,0.0302219648303852,0.0748245322680695
4,34,0.0301004811248523,0.070607699769426
4,35,0.0299552065140111,0.066424085117027
4,36,0.0297863962829556,0.0623245384254463
4,37,0.0295943428608759,0.0583447606920725
4,38,0.0293793752057217,0.0545086123407577
4,39,0.0291418581162056,0.0508308669375343
4,40,0.0288821914724192,0.0473194509687742
4,41,0.028600809407383,0.0439772317022957
4,42,0.028298179410822,0.0408034216687919
4,43,0.0279748013676876,0.0377946663484909
4,44,0.0276312065335567,0.0349458753150181
4,45,0.027267956449099,0.0322508489476041
4,46,0.0268856417961777,0.0297027443957081
4,47,0.0264848811984304,0.0272944165871993
4,48,0.0260663199686912,0.0250186630983957
5,0,0.0690902606955422,8.84986730981941
5,1,0.0693079384114622,17.4700659123523
5,2,0.0694775814013557,43.0523501351502
5,3,0.0695989363363838,146.822834243726
5,4,0.0775150714528059,85.3932545256928
5,5,0.0540369630736247,-628.182178165419
5,6,0.0775150714528193,85.3932545256926
5,7,0.0695989363363803,146.822834243726
5,8,0.0694775814013488,43.0523501351503
5,9,0.0693079384114654,17.4700659123523
5,10,0.0690902606955422,8.84986730981948
5,11,0.0688248731202351,5.13866401587818
5,12,0.0685121714611981,3.27246432085396
5,13,0.0681526216372886,2.2280015131254
5,14,0.0677467588099012,1.59562889628139
5,15,0.0672951863485225,1.18890182189768
5,16,0.066798574666069,0.914418312694191
5,17,0.0662576599253273,0.721758586323686
5,18,0.0656732426202229,0.582023915455664
5,19,0.0650461860347793,0.477814396554019
5,20,0.0643774145828919,0.398212475514403
5,21,0.06366791203326,0.336123456465747
5,22,0.062918719622503,0.286795510803864
5,23,0.0621309340614954,0.246961167533133
5,24,0.0461372020521435,0.166073965375158
5,25,0.0307456676810158,0.109263134672531
5,26,0.0308146278983659,0.109685217475923
5,27,0.0308591342079953,0.108404152045436
5,28,0.0308791362184695,0.105810447141478
5,29,0.0308746226148153,0.102249538928365
5,30,0.0308456211573991,0.0980140537678746
5,31,0.0307921986021177,0.0933431703884236
5,32,0.0307144605421719,0.088426362305467
5,33,0.0306125511717686,0.0834094248216454
5,34,0.030486652972268,0.0784013292406891
5,35,0.0303369863217178,0.0734809871054548
5,36,0.0301638090285257,0.0687034136585074
5,37,0.0299674157902391,0.0641050588679506
5,38,0.0297481375792546,0.0597082504921128
5,39,0.029506340956057,0.0555247944848
5,40,0.0292424273123556,0.0515588280119125
5,41,0.028956832045367,0.0478090383816472
5,42,0.0286500236654204,0.0442703607213757
5,43,0.0283225028387084,0.0409352571798322
5,44,0.0279748013676877,0.0377946663484934
5,45,0.0276074811110871,0.0348386967152895
5,46,0.0272211328464,0.0320571240028666
5,47,0.0268163750770723,0.0294397399863248
5,48,0.0263938527874309,0.0269765900659358
6,0,0.0688248731202351,5.13866401587816
6,1,0.0690902606955424,8.8498673098194
6,2,0.0693079384114656,17.4700659123523
6,3,0.0694775814013457,43.0523501351501
6,4,0.0695989363363837,146.822834243726
6,5,0.0775150714528193,85.3932545256926
6,6,0.0540369630736181,-628.182178165419
6,7,0.0775150714528192,85.3932545256925
6,8,0.0695989363363803,146.822834243726
6,9,0.0694775814013489,43.0523501351501
6,10,0.0693079384114654,17.4700659123523
6,11,0.0690902606955422,8.84986730981947
6,12,0.0688248731202351,5.13866401587817
6,13,0.0685121714611982,3.27246432085395
6,14,0.0681526216372886,2.22800151312538
6,15,0.0677467588099011,1.59562889628141
6,16,0.0672951863485226,1.18890182189769
6,17,0.066798574666069,0.914418312694198
6,18,0.066257659925324,0.721758586323673
6,19,0.0656732426202264,0.582023915455654
6,20,0.0650461860347827,0.477814396554015
6,21,0.064377414582885,0.398212475514403
6,22,0.0636679120332634,0.336123456465753
6,23,0.0629187196224997,0.286795510803864
6,24,0.0467492379521599,0.191665890878861
6,25,0.0311537172697903,0.125913412429956
6,26,0.0312180550748108,0.126217788754097
6,27,0.0312579352834839,0.124394191093625
6,28,0.0312733123900523,0.120968952981091
6,29,0.0312641797337203,0.116400214382238
6,30,0.0312305694912954,0.111068578654001
6,31,0.0311725525919477,0.105278200700755
6,32,0.0310902385542339,0.0992639137759801
6,33,0.0309837752458995,0.0932011564069513
6,34,0.0308533485667544,0.0872165646006047
6,35,0.0306991820558487,0.0813979774473371
6,36,0.0305215364232346,0.0758032324071421
6,37,0.0303207090081864,0.0704675321868025
6,38,0.0300970331642435,0.0654094022947607
6,39,0.0298508775733639,0.0606353800040887
6,40,0.0295826454902175,0.0561436241676607
6,41,0.0292927739183486,0.0519266417731977
6,42,0.0289817327206413,0.0479733116316112
6,43,0.0286500236654203,0.0442703607213765
6,44,0.0282981794108187,0.0408034216687902
6,45,0.0279267624296662,0.0375577743835964
6,46,0.0275363638772457,0.0345188526552577
6,47,0.0271276024044868,0.0316725780231365
6,48,0.0267011229194678,0.0290055683228995
7,0,0.0685121714611947,3.27246432085395
7,1,0.0688248731202351,5.1386640158782
7,2,0.0690902606955456,8.84986730981951
7,3,0.0693079384114621,17.4700659123522
7,4,0.0694775814013488,43.0523501351502
7,5,0.0695989363363803,146.822834243726
7,6,0.0775150714528192,85.3932545256925
7,7,0.054036963073618,-628.182178165419
7,8,0.0775150714528191,85.3932545256929
7,9,0.0695989363363803,146.822834243726
7,10,0.0694775814013489,43.0523501351501
7,11,0.0693079384114653,17.4700659123522
7,12,0.0690902606955422,8.84986730981947
7,13,0.0688248731202351,5.13866401587818
7,14,0.0685121714611981,3.27246432085397
7,15,0.0681526216372917,2.22800151312537
7,16,0.0677467588099011,1.59562889628141
7,17,0.0672951863485225,1.18890182189768
7,18,0.0667985746660689,0.914418312694198
7,19,0.0662576599253241,0.721758586323686
7,20,0.0656732426202197,0.582023915455647
7,21,0.0650461860347857,0.477814396554025
7,22,0.064377414582885,0.398212475514403
7,23,0.0636679120332633,0.336123456465747
7,24,0.047332970049004,0.222990493223763
7,25,0.0315428974515932,0.14623065172701
7,26,0.0316024693843434,0.146328185343148
7,27,0.0316375828578174,0.143733354962192
7,28,0.0316481976248022,0.139167056279549
7,29,0.0316343120550046,0.133245246297196
7,30,0.031595963120704,0.126468268375523
7,31,0.0315332263050768,0.119225674055871
7,32,0.0314462154335343,0.11180932295814
7,33,0.0313350824284529,0.104429705638768
7,34,0.0312000169881442,0.0972323650244828
7,35,0.0310412461901545,0.090312744624076
7,36,0.0308590340208223,0.0837287609875816
7,37,0.030653680831107,0.0775109786077366
7,38,0.0304255227207898,0.0716705724569621
7,39,0.0301749308519866,0.0662053957367631
7,40,0.029902310693711,0.0611045013156338
7,41,0.0296081011993188,0.0563514434659984
7,42,0.0292927739183553,0.0519266417731985
7,43,0.0289568320453703,0.0478090383816455
7,44,0.0286008094073813,0.0439772317022957
7,45,0.0282252693925657,0.040410228055592
7,46,0.0278308038224371,0.037087918482055
7,47,0.0274180317703456,0.0339913607712836
7,48,0.0269875983285212,0.0311029257116647
8,0,0.068152621637305,2.22800151312539
8,1,0.0685121714611849,3.27246432085399
8,2,0.0688248731202385,5.13866401587816
8,3,0.069090260695539,8.84986730981951
8,4,0.0693079384114653,17.4700659123524
8,5,0.0694775814013488,43.0523501351502
8,6,0.0695989363363803,146.822834243726
8,7,0.0775150714528191,85.3932545256929
8,8,0.0540369630736314,-628.18217816542
8,9,0.0775150714528059,85.3932545256929
8,10,0.0695989363363803,146.822834243726
8,11,0.0694775814013489,43.0523501351502
8,12,0.0693079384114653,17.4700659123523
8,13,0.0690902606955522,8.84986730981948
8,14,0.0688248731202317,5.13866401587817
8,15,0.0685121714611913,3.27246432085395
8,16,0.0681526216373017,2.22800151312541
8,17,0.0677467588098911,1.59562889628138
8,18,0.0672951863485291,1.18890182189769
8,19,0.0667985746660625,0.914418312694185
8,20,0.0662576599253274,0.7217585863237
8,21,0.0656732426202228,0.582023915455647
8,22,0.0650461860347824,0.477814396554019
8,23,0.0643774145828883,0.398212475514406
8,24,0.0478875455282217,0.261906619661879
8,25,0.0319126395047471,0.17138031636703
8,26,0.031967308314046,0.171126654981705
8,27,0.0319975203907264,0.167419925795564
8,28,0.0320032411058806,0.161265058827599
8,29,0.0319844742243096,0.153502390326767
8,30,0.0319412618817853,0.144796924108476
8,31,0.0318736844861416,0.135650839177912
8,32,0.0317818605418823,0.126427168740413
8,33,0.0316659463992372,0.117376693691945
8,34,0.0315261359275349,0.108663511252764
8,35,0.031362660114651,0.100387139603737
8,36,0.0311757865923435,0.0926005040773159
8,37,0.0309658190894505,0.0853239590322552
8,38,0.0307330968138953,0.0785558682787742
8,39,0.0304779937646551,0.0722803783468081
8,40,0.0302009179757619,0.0664729961825851
8,41,0.0299023106937243,0.0611045013156329
8,42,0.0295826454902141,0.0561436241676612
8,43,0.0292424273123489,0.0515588280119125
8,44,0.0288821914724258,0.0473194509687742
8,45,0.0285025025794477,0.04339639863792
8,46,0.0281039534150354,0.0397625266626347
8,47,0.0276871637560238,0.0363928135812424
8,48,0.027252779146596,0.033264395347399
9,0,0.0677467588098912,1.59562889628141
9,1,0.0681526216373153,2.22800151312538
9,2,0.0685121714611783,3.27246432085396
9,3,0.0688248731202452,5.13866401587819
9,4,0.0690902606955422,8.84986730981947
9,5,0.0693079384114654,17.4700659123523
9,6,0.069477581401349,43.0523501351501
9,7,0.0695989363363803,146.822834243726
9,8,0.0775150714528059,85.3932545256929
9,9,0.0540369630736314,-628.182178165419
9,10,0.0775150714528193,85.3932545256931
9,11,0.0695989363363804,146.822834243726
9,12,0.069477581401349,43.0523501351501
9,13,0.0693079384114555,17.4700659123523
9,14,0.0690902606955456,8.84986730981947
9,15,0.0688248731202417,5.13866401587818
9,16,0.0685121714611814,3.27246432085392
9,17,0.0681526216373018,2.22800151312543
9,18,0.0677467588098978,1.59562889628139
9,19,0.0672951863485294,1.18890182189771
9,20,0.0667985746660759,0.914418312694178
9,21,0.066257659925314,0.72175858632368
9,22,0.0656732426202263,0.58202391545565
9,23,0.0650461860347792,0.477814396554022
9,24,0.0484121520133845,0.311066740661145
9,25,0.0322624016733729,0.203013565940781
9,26,0.0323120365962884,0.202171959515948
9,27,0.0323372188726878,0.196835942831901
9,28,0.0323379198384474,0.18843380993328
9,29,0.0323141490049209,0.178130102154285
9,30,0.0322659540274034,0.166818497212536
9,31,0.032193420597963,0.155149811513743
9,32,0.0320966722625257,0.143574553667733
9,33,0.0319758701628174,0.13238743964431
9,34,0.0318312127041256,0.121767397500425
9,35,0.0316629351487092,0.111810558170981
9,36,0.0314713091370349,0.102555964787615
9,37,0.0312566421368749,0.0940048006400906
9,38,0.0310192768220021,0.0861343108291889
9,39,0.0307595903820462,0.07890760480033
9,40,0.030477993764665,0.0722803783468057
9,41,0.0301749308519731,0.0662053957367626
9,42,0.0298508775733704,0.0606353800040879
9,43,0.0295063409560602,0.0555247944848034
9,44,0.0291418581161988,0.0508308669375301
9,45,0.0287579951924863,0.0465141068831942
9,46,0.0283553462246663,0.0425384920895124
9,47,0.027934531979594,0.0388714458887803
9,48,0.0274961987273794,0.0354836882889452
10,0,0.0672951863485192,1.18890182189767
10,1,0.0677467588098913,1.59562889628139
10,2,0.068152621637302,2.22800151312542
10,3,0.0685121714611916,3.27246432085392
10,4,0.068824873120235,5.1386640158782
10,5,0.0690902606955422,8.84986730981947
10,6,0.0693079384114654,17.4700659123523
10,7,0.0694775814013489,43.0523501351501
10,8,0.0695989363363803,146.822834243726
10,9,0.0775150714528193,85.393254525693
10,10,0.0540369630736248,-628.18217816542
10,11,0.0775150714528093,85.393254525693
10,12,0.0695989363363904,146.822834243726
10,13,0.0694775814013423,43.0523501351502
10,14,0.0693079384114655,17.4700659123523
10,15,0.0690902606955422,8.84986730981945
10,16,0.0688248731202384,5.13866401587821
10,17,0.068512171461198,3.27246432085395
10,18,0.0681526216372818,2.2280015131254
10,19,0.067746758809908,1.59562889628139
10,20,0.0672951863485161,1.1889018218977
10,21,0.066798574666079,0.914418312694198
10,22,0.0662576599253174,0.721758586323686
10,23,0.0656732426202229,0.582023915455644
10,24,0.0489060191199609,0.374346115488625
10,25,0.0325916702036363,0.243522297979078
10,26,0.03263614723327,0.241697801572872
10,27,0.032656177839166,0.23392945554383
10,28,0.0326517396535715,0.222291193888904
10,29,0.0326228482721819,0.208424012700709
10,30,0.0325695572130803,0.193541936601315
10,31,0.0324919578000693,0.178491102161322
10,32,0.0323901789714977,0.163826330616028
10,33,0.0322643870145217,0.149885284299903
10,34,0.0321147852254904,0.136851355303648
10,35,0.0319416134975019,0.124802956940917
10,36,0.0317451478355659,0.113750140213318
10,37,0.0315256998011446,0.103660718571985
10,38,0.0312836158866849,0.0944782933426954
10,39,0.0310192768220089,0.0861343108291898
10,40,0.0307330968138854,0.078555868278777
10,41,0.0304255227207998,0.071670572456962
10,42,0.0300970331642301,0.0654094022947593
10,43,0.0297481375792579,0.0597082504921115
10,44,0.0293793752057283,0.0545086123407606
10,45,0.0289913140230497,0.0497577407130907
10,46,0.0285845496304768,0.0454084807894745
10,47,0.0281597040756689,0.0414189250681972
10,48,0.0277174246339596,0.0377519793331633
11,0,0.0667985746660823,0.914418312694198
11,1,0.0672951863485194,1.18890182189769
11,2,0.0677467588098947,1.59562889628142
11,3,0.0681526216372986,2.22800151312541
11,4,0.0685121714611947,3.27246432085393
11,5,0.0688248731202351,5.1386640158782
11,6,0.0690902606955422,8.84986730981948
11,7,0.0693079384114653,17.4700659123522
11,8,0.0694775814013489,43.0523501351502
11,9,0.0695989363363738,146.822834243726
11,10,0.0775150714528193,85.3932545256929
11,11,0.0540369630736281,-628.18217816542
11,12,0.0775150714528093,85.393254525693
11,13,0.0695989363363871,146.822834243726
11,14,0.069477581401349,43.05235013515
11,15,0.0693079384114653,17.4700659123523
11,16,0.0690902606955422,8.84986730981943
11,17,0.0688248731202317,5.13866401587818
11,18,0.0685121714612014,3.27246432085395
11,19,0.0681526216372953,2.22800151312541
11,20,0.0677467588098946,1.59562889628139
11,21,0.0672951863485192,1.18890182189768
11,22,0.0667985746660823,0.914418312694198
11,23,0.0662576599253174,0.721758586323673
11,24,0.0493684199309432,0.457560580067418
11,25,0.0328999603281532,0.296459733261645
11,26,0.0329391624693556,0.292979207065478
11,27,0.0329539263310673,0.28150130521765
11,28,0.0329442361580305,0.265109722841078
11,29,0.0329101139536652,0.246158054513725
11,30,0.0328516194278709,0.226311941540393
11,31,0.0327688498709501,0.20667081973352
11,32,0.032661939952715,0.187906564699045
11,33,0.0325310614482436,0.170387936415105
11,34,0.0323764228902943,0.15427981110739
11,35,0.0321982691495788,0.139616709792434
11,36,0.031996880943537,0.126354526643509
11,37,0.031772574274875,0.114405455574159
11,38,0.031525699801138,0.10366071857198
11,39,0.0312566421368684,0.0940048006400952
11,40,0.0309658190894606,0.0853239590322541
11,41,0.0306536808311037,0.077510978607738
11,42,0.0303207090081864,0.0704675321868044
11,43,0.0299674157902357,0.0641050588679464
11,44,0.0295943428608759,0.0583447606920733
11,45,0.0292020603524237,0.0531171046051532
11,46,0.0287911657273054,0.0483610738178044
11,47,0.0283622826080088,0.0440233186175543
11,48,0.0279160595588941,0.0400572957155807
12,0,0.0662576599253107,0.72175858632368
12,1,0.0667985746660791,0.914418312694191
12,2,0.0672951863485261,1.18890182189767
12,3,0.0677467588098914,1.59562889628141
12,4,0.0681526216373018,2.22800151312542
12,5,0.0685121714611881,3.27246432085395
12,6,0.0688248731202351,5.13866401587814
12,7,0.0690902606955422,8.84986730981947
12,8,0.0693079384114653,17.4700659123523
12,9,0.0694775814013556,43.0523501351501
12,10,0.0695989363363738,146.822834243726
12,11,0.0775150714528193,85.393254525693
12,12,0.0540369630736248,-628.18217816542
12,13,0.0775150714528094,85.393254525693
12,14,0.0695989363363839,146.822834243726
12,15,0.0694775814013489,43.05235013515
12,16,0.0693079384114654,17.4700659123523
12,17,0.0690902606955456,8.84986730981945
12,18,0.0688248731202351,5.1386640158782
12,19,0.0685121714611883,3.27246432085396
12,20,0.0681526216372987,2.2280015131254
12,21,0.0677467588099011,1.5956288962814
12,22,0.067295186348516,1.18890182189768
12,23,0.0667985746660823,0.914418312694211
12,24,0.0497986723915669,0.569711829827628
12,25,0.0331868171961368,0.36725782743889
12,26,0.0332206347084993,0.360943371276836
12,27,0.0332300238001973,0.343667630849819
12,28,0.0332149756286123,0.320138124401695
12,29,0.0331755189122355,0.293793195513836
12,30,0.0331117198678013,0.26693622948649
12,31,0.0330236820725974,0.240985293953321
12,32,0.0329115462540176,0.216726582937446
12,33,0.0327754900055104,0.194524770738895
12,34,0.0326157274303463,0.17447980255577
12,35,0.0324325087135998,0.156535891309049
12,36,0.0322261196235478,0.140553455513495
12,37,0.0319968809435337,0.12635452664351
12,38,0.031745147835576,0.11375014021332
12,39,0.0314713091370352,0.102555964787613
12,40,0.0311757865923403,0.0926005040773163
12,41,0.0308590340208191,0.0837287609875826
12,42,0.0305215364232413,0.0758032324071407
12,43,0.030163809028519,0.0687034136585077
12,44,0.0297863962829623,0.0623245384254476
12,45,0.0293898707843347,0.056575988950578
12,46,0.0289748321630251,0.0513796278877302
12,47,0.0285419059128375,0.0466681897057016
12,48,0.0280917421740793,0.0423838007225039
13,0,0.0656732426202297,0.582023915455647
13,1,0.0662576599253143,0.721758586323673
13,2,0.0667985746660792,0.914418312694218
13,3,0.0672951863485228,1.18890182189767
13,4,0.0677467588098912,1.59562889628141
13,5,0.0681526216373019,2.2280015131254
13,6,0.0685121714611948,3.27246432085396
13,7,0.0688248731202351,5.1386640158782
13,8,0.0690902606955522,8.84986730981947
13,9,0.0693079384114555,17.4700659123523
13,10,0.0694775814013457,43.0523501351502
13,11,0.0695989363363805,146.822834243726
13,12,0.0775150714528161,85.393254525693
13,13,0.0540369630736416,-628.18217816542
13,14,0.0775150714528094,85.3932545256927
13,15,0.0695989363363738,146.822834243726
13,16,0.069477581401359,43.0523501351502
13,17,0.0693079384114555,17.4700659123523
13,18,0.0690902606955522,8.84986730981947
13,19,0.0688248731202287,5.13866401587816
13,20,0.068512171461195,3.27246432085396
13,21,0.0681526216372919,2.22800151312542
13,22,0.0677467588099012,1.59562889628139
13,23,0.0672951863485193,1.18890182189767
13,24,0.0501961406196246,0.725241151071832
13,25,0.0334518167473812,0.464499176019009
13,26,0.0334801473748109,0.453222914858229
13,27,0.0334840609573672,0.426626081534562
13,28,0.0334635558477199,0.392108991453863
13,29,0.0334186677712372,0.354789045780419
13,30,0.0333494697501166,0.31786346920503
13,31,0.0332560719549666,0.283124570374748
13,32,0.0331386214827534,0.251428395907757
13,33,0.0329973020629106,0.223052322138929
13,34,0.0328323336910159,0.197941989788151
13,35,0.0326439721920942,0.175870559243637
13,36,0.0324325087135965,0.156535891309044
13,37,0.0321982691495789,0.139616709792432
13,38,0.0319416134974986,0.124802956940925
13,39,0.0316629351487061,0.111810558170976
13,40,0.0313626601146545,0.100387139603737
13,41,0.0310412461901612,0.090312744624073
13,42,0.0306991820558387,0.0813979774473374
13,43,0.0303369863217311,0.0734809871054595
13,44,0.0299552065140011,0.0664240851170245
13,45,0.0295544180074159,0.060110419455463
13,46,0.0291352229053501,0.0544409109852928
13,47,0.0286982488705678,0.0493315356534083
13,48,0.0282441479087053,0.0447109686535949
14,0,0.0650461860347759,0.477814396554025
14,1,0.0656732426202232,0.582023915455647
14,2,0.0662576599253143,0.721758586323687
14,3,0.0667985746660792,0.914418312694205
14,4,0.0672951863485259,1.18890182189768
14,5,0.0677467588098979,1.5956288962814
14,6,0.0681526216372919,2.2280015131254
14,7,0.0685121714611981,3.27246432085395
14,8,0.0688248731202317,5.13866401587817
14,9,0.0690902606955456,8.84986730981946
14,10,0.0693079384114688,17.4700659123523
14,11,0.069477581401349,43.0523501351501
14,12,0.0695989363363772,146.822834243726
14,13,0.0775150714528128,85.3932545256927
14,14,0.0540369630736249,-628.182178165419
14,15,0.0775150714528193,85.3932545256928
14,16,0.0695989363363738,146.822834243726
14,17,0.0694775814013556,43.0523501351502
14,18,0.0693079384114588,17.4700659123523
14,19,0.0690902606955392,8.84986730981947
14,20,0.068824873120242,5.13866401587821
14,21,0.0685121714611981,3.27246432085391
14,22,0.0681526216372886,2.22800151312542
14,23,0.0677467588099012,1.5956288962814
14,24,0.0505602361285197,0.948314898176728
14,25,0.0336945665280861,0.602274796028852
14,26,0.0337173157147861,0.582042374697635
14,27,0.0337156605610213,0.539962800971359
14,28,0.0336896068801504,0.488055263480694
14,29,0.0336391976784291,0.434071733516606
14,30,0.0335645130665747,0.382429046775248
14,31,0.0334656700987515,0.335287665368072
14,32,0.0333428225391178,0.293428528793588
14,33,0.0331961605563898,0.256861938018103
14,34,0.0330259103475768,0.225211883701436
14,35,0.0328323336910158,0.197941989788148
14,36,0.0326157274303496,0.17447980255577
14,37,0.0323764228902943,0.154279811107397
14,38,0.0321147852254904,0.136851355303644
14,39,0.0318312127041158,0.121767397500424
14,40,0.0315261359275516,0.108663511252764
14,41,0.0312000169881242,0.097232365024484
14,42,0.0308533485667678,0.0872165646006047
14,43,0.030486652972268,0.0784013292406876
14,44,0.0301004811248489,0.070607699769426
14,45,0.0296954114857997,0.0636865557837072
14,46,0.0292720489358074,0.0575135006922878
14,47,0.0288310236044549,0.0519845676688758
14,48,0.028372989653331,0.0470126551761635
15,0,0.0643774145828917,0.398212475514393
15,1,0.0650461860347859,0.477814396554035
15,2,0.0656732426202264,0.58202391545564
15,3,0.0662576599253141,0.721758586323686
15,4,0.0667985746660722,0.914418312694191
15,5,0.0672951863485225,1.18890182189768
15,6,0.0677467588099011,1.59562889628141
15,7,0.0681526216372917,2.22800151312537
15,8,0.0685121714611913,3.27246432085396
15,9,0.0688248731202417,5.1386640158782
15,10,0.0690902606955422,8.84986730981945
15,11,0.0693079384114653,17.4700659123522
15,12,0.0694775814013489,43.0523501351501
15,13,0.0695989363363704,146.822834243726
15,14,0.0775150714528226,85.3932545256929
15,15,0.0540369630736247,-628.18217816542
15,16,0.0775150714528158,85.3932545256925
15,17,0.0695989363363836,146.822834243726
15,18,0.0694775814013455,43.0523501351502
15,19,0.0693079384114755,17.4700659123523
15,20,0.0690902606955357,8.84986730981947
15,21,0.0688248731202349,5.1386640158782
15,22,0.0685121714612013,3.27246432085391
15,23,0.0681526216372851,2.22800151312541
15,24,0.0508904189607809,1.28146517677606
15,25,0.0339147064467942,0.80478843153201
15,26,0.0339317875387189,0.767746541469055
15,27,0.033924478145299,0.698953232287149
15,28,0.033892791787374,0.618646339084783
15,29,0.0338367790085957,0.538735710994917
15,30,0.0337565272738625,0.465184659059037
15,31,0.033652160795022,0.400312205475754
15,32,0.0335238402851213,0.344449088513368
15,33,0.0333717626411558,0.296967390121147
15,34,0.0331961605563964,0.256861938018103
15,35,0.0329973020629039,0.223052322138933
15,36,0.032775490005517,0.194524770738895
15,37,0.0325310614482336,0.1703879364151
15,38,0.0322643870145151,0.149885284299906
15,39,0.0319758701628375,0.13238743964431
15,40,0.0316659463992206,0.117376693691945
15,41,0.0313350824284662,0.104429705638769
15,42,0.0309837752458929,0.0932011564069529
15,43,0.0306125511717619,0.0834094248216425
15,44,0.0302219648303919,0.0748245322680697
15,45,0.029812598076299,0.0672582288713438
15,46,0.0293850588697719,0.0605559506510495
15,47,0.0289399801042804,0.054590344921065
15,48,0.0284780183884108,0.0492560790586467
16,0,0.0636679120332568,0.336123456465757
16,1,0.0643774145828918,0.3982124755144
16,2,0.065046186034776,0.477814396554009
16,3,0.0656732426202364,0.582023915455667
16,4,0.0662576599253107,0.72175858632368
16,5,0.0667985746660757,0.914418312694191
16,6,0.0672951863485226,1.18890182189768
16,7,0.0677467588099011,1.59562889628141
16,8,0.0681526216373017,2.22800151312541
16,9,0.0685121714611881,3.27246432085392
16,10,0.0688248731202317,5.13866401587817
16,11,0.0690902606955422,8.84986730981947
16,12,0.0693079384114654,17.4700659123523
16,13,0.0694775814013623,43.0523501351503
16,14,0.0695989363363705,146.822834243726
16,15,0.0775150714528159,85.3932545256926
16,16,0.0540369630736247,-628.182178165419
16,17,0.0775150714528059,85.3932545256925
16,18,0.0695989363363903,146.822834243726
16,19,0.0694775814013457,43.0523501351502
16,20,0.0693079384114689,17.4700659123523
16,21,0.0690902606955421,8.84986730981945
16,22,0.0688248731202317,5.13866401587822
16,23,0.0685121714612013,3.27246432085392
16,24,0.0511861987287699,1.80428863683235
16,25,0.0341119094686467,1.11591944782223
16,26,0.0341232439003096,1.0457345179484
16,27,0.034110202685298,0.92874987424531
16,28,0.034072807279438,0.800404022034367
16,29,0.0340111160020561,0.679081298430574
16,30,0.0339252239199061,0.572311774299342
16,31,0.0338152626596126,0.48178939430103
16,32,0.0336814001485387,0.406505853060176
16,33,0.0335238402851213,0.344449088513365
16,34,0.0333428225391078,0.293428528793588
16,35,0.0331386214827567,0.251428395907753
16,36,0.0329115462540176,0.216726582937451
16,37,0.0326619399527216,0.187906564699046
16,38,0.0323901789715044,0.163826330616021
16,39,0.0320966722625225,0.143574553667736
16,40,0.0317818605418757,0.126427168740416
16,41,0.0314462154335343,0.111809322958141
16,42,0.0310902385542406,0.0992639137759792
16,43,0.0307144605421785,0.0884263623054699
16,44,0.030319440030791,0.0790047235638501
16,45,0.0299057625705299,0.0707641432339956
16,46,0.0294740395006609,0.0635147600545996
16,47,0.0290249067738273,0.0571022989922702
16,48,0.0285590237357115,0.0514007489025813
17,0,0.0629187196224997,0.286795510803864
17,1,0.0636679120332602,0.33612345646575
17,2,0.0643774145828952,0.39821247551441
17,3,0.0650461860347726,0.477814396554012
17,4,0.0656732426202395,0.582023915455657
17,5,0.0662576599253073,0.721758586323686
17,6,0.0667985746660757,0.914418312694198
17,7,0.0672951863485192,1.18890182189768
17,8,0.067746758809891,1.59562889628138
17,9,0.0681526216373017,2.22800151312543
17,10,0.068512171461198,3.27246432085396
17,11,0.068824873120235,5.13866401587817
17,12,0.0690902606955422,8.84986730981947
17,13,0.0693079384114555,17.4700659123522
17,14,0.0694775814013556,43.0523501351503
17,15,0.0695989363363836,146.822834243726
17,16,0.0775150714528125,85.3932545256925
17,17,0.0540369630736314,-628.182178165419
17,18,0.0775150714528025,85.3932545256926
17,19,0.0695989363363939,146.822834243726
17,20,0.0694775814013424,43.0523501351501
17,21,0.0693079384114653,17.4700659123523
17,22,0.0690902606955422,8.84986730981943
17,23,0.0688248731202317,5.13866401587821
17,24,0.0514471355611422,2.67760024346761
17,25,0.0342858822466929,1.62061274247219
17,26,0.0342913997126328,1.48088410054661
17,27,0.0342725571981431,1.27226706084509
17,28,0.0342293843020609,1.05939296674816
17,29,0.0341619473381451,0.870083123499279
17,30,0.0340703492045354,0.712059915808141
17,31,0.0339547291816645,0.584083548341144
17,32,0.033815262659616,0.48178939430103
17,33,0.0336521607950254,0.400312205475754
17,34,0.0334656700987581,0.335287665368072
17,35,0.0332560719549632,0.283124570374748
17,36,0.0330236820725907,0.240985293953324
17,37,0.0327688498709468,0.20667081973352
17,38,0.0324919578000626,0.17849110216132
17,39,0.0321934205979698,0.15514981151375
17,40,0.031873684486145,0.135650839177908
17,41,0.0315332263050801,0.119225674055866
17,42,0.0311725525919411,0.105278200700756
17,43,0.0307921986021144,0.0933431703884236
17,44,0.0303927272771272,0.083055077402004
17,45,0.029974728160943,0.0741248310430618
17,46,0.0295388162673787,0.0663222263231375
17,47,0.0290856309004827,0.0594627182901937
17,48,0.028615834431505,0.0533973931746064
18,0,0.0621309340614987,0.246961167533137
18,1,0.0629187196225031,0.28679551080386
18,2,0.0636679120332602,0.33612345646576
18,3,0.0643774145828852,0.398212475514397
18,4,0.0650461860347758,0.477814396554015
18,5,0.0656732426202362,0.582023915455664
18,6,0.0662576599253173,0.721758586323666
18,7,0.0667985746660722,0.914418312694204
18,8,0.0672951863485258,1.18890182189769
18,9,0.0677467588098945,1.59562889628139
18,10,0.0681526216372951,2.2280015131254
18,11,0.0685121714611914,3.27246432085395
18,12,0.0688248731202384,5.13866401587818
18,13,0.0690902606955522,8.84986730981951
18,14,0.0693079384114588,17.4700659123522
18,15,0.0694775814013455,43.0523501351503
18,16,0.0695989363363837,146.822834243726
18,17,0.0775150714528158,85.3932545256926
18,18,0.0540369630736314,-628.182178165419
18,19,0.0775150714527961,85.3932545256931
18,20,0.0695989363364005,146.822834243726
18,21,0.0694775814013422,43.0523501351501
18,22,0.0693079384114653,17.4700659123521
18,23,0.0690902606955455,8.84986730981947
18,24,0.0516728409522395,4.25989413880859
18,25,0.034436365688207,2.49727678698351
18,26,0.0344360042991731,2.19958016277332
18,27,0.0344112992791798,1.80549066749378
18,28,0.034362288557792,1.43725940739438
18,29,0.03428904664255,1.13323566868226
18,30,0.0341916844731427,0.894976626190561
18,31,0.0340703492045354,0.712059915808134
18,32,0.0339252239199061,0.572311774299335
18,33,0.0337565272738592,0.465184659059054
18,34,0.0335645130665714,0.382429046775248
18,35,0.0333494697501199,0.31786346920503
18,36,0.0331117198678045,0.266936229486493
18,37,0.0328516194278742,0.226311941540387
18,38,0.0325695572130837,0.193541936601322
18,39,0.0322659540273936,0.166818497212521
18,40,0.031941261881792,0.144796924108482
18,41,0.0315959631207073,0.126468268375526
18,42,0.0312305694912921,0.111068578653998
18,43,0.0308456211573957,0.0980140537678762
18,44,0.0304416856604278,0.0868544743194717
18,45,0.0300193568295507,0.0772395364445133
18,46,0.0295792536433975,0.0688943264065897
18,47,0.0291220190461928,0.061601308313469
18,48,0.0286483187201198,0.05518698466546
19,0,0.0613057054387264,0.214321078087858
19,1,0.0621309340614891,0.246961167533135
19,2,0.0629187196224934,0.28679551080386
19,3,0.063667912033277,0.33612345646576
19,4,0.0643774145828852,0.398212475514397
19,5,0.0650461860347793,0.477814396554019
19,6,0.0656732426202298,0.58202391545566
19,7,0.0662576599253208,0.721758586323673
19,8,0.0667985746660658,0.914418312694198
19,9,0.0672951863485261,1.18890182189769
19,10,0.0677467588099013,1.5956288962814
19,11,0.068152621637302,2.2280015131254
19,12,0.0685121714611883,3.27246432085396
19,13,0.0688248731202287,5.13866401587816
19,14,0.0690902606955391,8.84986730981947
19,15,0.0693079384114755,17.4700659123523
19,16,0.0694775814013457,43.0523501351502
19,17,0.0695989363363839,146.822834243726
19,18,0.0775150714528127,85.3932545256931
19,19,0.0540369630736318,-628.18217816542
19,20,0.0775150714527996,85.3932545256927
19,21,0.0695989363363905,146.822834243726
19,22,0.0694775814013424,43.0523501351502
19,23,0.0693079384114655,17.4700659123523
19,24,0.0518629785130469,7.46266784210373
19,25,0.0345631354558408,4.16166892796725
19,26,0.0345568418786602,3.46627604531555
19,27,0.034526221571037,2.66775080493874
19,28,0.0344713209603496,2.00040035912755
19,29,0.0343922229269579,1.49806957354669
19,30,0.0342890466425568,1.1332356686823
19,31,0.0341619473381452,0.870083123499272
19,32,0.0340111160020562,0.679081298430581
19,33,0.0338367790085924,0.538735710994884
19,34,0.0336391976784325,0.434071733516609
19,35,0.0334186677712339,0.354789045780435
19,36,0.0331755189122422,0.293793195513829
19,37,0.0329101139536553,0.246158054513718
19,38,0.0326228482721886,0.208424012700705
19,39,0.0323141490049212,0.178130102154294
19,40,0.0319844742243031,0.15350239032677
19,41,0.0316343120550047,0.133245246297193
19,42,0.031264179733727,0.116400214382242
19,43,0.0308746226148154,0.102249538928366
19,44,0.0304662131233318,0.0902494293158094
19,45,0.0300395496581448,0.079983338469595
19,46,0.0295952554473386,0.0711288606062551
19,47,0.0291339773585774,0.0634340040108264
19,48,0.0286563846669819,0.0566999917921354
20,0,0.0604442350253604,0.187223670403032
20,1,0.0613057054387332,0.214321078087856
20,2,0.0621309340615024,0.24696116753314
20,3,0.0629187196224934,0.286795510803864
20,4,0.0636679120332635,0.336123456465753
20,5,0.0643774145828919,0.398212475514403
20,6,0.065046186034776,0.477814396554009
20,7,0.0656732426202231,0.582023915455664
20,8,0.0662576599253275,0.72175858632368
20,9,0.0667985746660659,0.914418312694191
20,10,0.0672951863485261,1.18890182189769
20,11,0.0677467588098913,1.59562889628141
20,12,0.0681526216372987,2.22800151312539
20,13,0.068512171461195,3.27246432085397
20,14,0.068824873120242,5.13866401587821
20,15,0.0690902606955357,8.84986730981944
20,16,0.0693079384114689,17.4700659123523
20,17,0.0694775814013457,43.0523501351501
20,18,0.0695989363363838,146.822834243726
20,19,0.0775150714528129,85.3932545256927
20,20,0.0540369630736317,-628.18217816542
20,21,0.077515071452806,85.3932545256929
20,22,0.0695989363363972,146.822834243726
20,23,0.0694775814013424,43.0523501351502
20,24,0.052017264621609,15.0759253225415
20,25,0.0346660024014395,7.7248562032841
20,26,0.0346537319826599,5.88150581540792
20,27,0.0346171521654962,4.12023146069023
20,28,0.0345563180209194,2.85045821722119
20,29,0.0344713209603595,2.00040035912757
20,30,0.0343622885577787,1.43725940739436
20,31,0.0342293843020609,1.05939296674817
20,32,0.0340728072794381,0.800404022034361
20,33,0.0338927917873708,0.618646339084796
20,34,0.0336896068801471,0.48805526348068
20,35,0.0334635558477332,0.39210899145387
20,36,0.0332149756285924,0.320138124401695
20,37,0.0329442361580472,0.265109722841085
20,38,0.0326517396535683,0.222291193888897
20,39,0.0323379198384444,0.188433809933285
20,40,0.0320032411058908,0.161265058827596
20,41,0.0316481976248022,0.139167056279557
20,42,0.0312733123900424,0.120968952981088
20,43,0.0308791362184728,0.105810447141475
20,44,0.0304662466934219,0.0930504579188283
20,45,0.030035247059967,0.0822049921062883
20,46,0.0295867650730985,0.0729042046679895
20,47,0.0291214518016708,0.0648622839453661
20,48,0.0286399803904345,0.0578560376881348
21,0,0.059547772987261,0.164460757593736
21,1,0.0604442350253436,0.187223670403034
21,2,0.061305705438733,0.214321078087853
21,3,0.0621309340614922,0.246961167533137
21,4,0.0629187196224997,0.286795510803867
21,5,0.06366791203326,0.336123456465743
21,6,0.064377414582895,0.398212475514413
21,7,0.0650461860347824,0.477814396554012
21,8,0.0656732426202229,0.582023915455653
21,9,0.0662576599253206,0.72175858632368
21,10,0.066798574666069,0.914418312694204
21,11,0.0672951863485225,1.18890182189765
21,12,0.0677467588099011,1.59562889628143
21,13,0.0681526216372985,2.2280015131254
21,14,0.0685121714611947,3.27246432085393
21,15,0.0688248731202316,5.1386640158782
21,16,0.0690902606955421,8.84986730981945
21,17,0.0693079384114653,17.4700659123523
21,18,0.0694775814013488,43.0523501351501
21,19,0.0695989363363805,146.822834243726
21,20,0.0775150714528127,85.3932545256931
21,21,0.0540369630736347,-628.18217816542
21,22,0.0775150714527992,85.3932545256928
21,23,0.0695989363363969,146.822834243726
21,24,0.0521354689720043,38.3781163977046
21,25,0.0347448129319728,16.7677100602722
21,26,0.0347265298051831,10.9280175359799
21,27,0.0346839549367074,6.64040883619109
21,28,0.0346171521654895,4.12023146069023
21,29,0.0345262215710302,2.66775080493874
21,30,0.0344112992791797,1.80549066749376
21,31,0.0342725571981563,1.27226706084511
21,32,0.034110202685288,0.928749874245304
21,33,0.0339244781453222,0.698953232287162
21,34,0.0337156605610179,0.539962800971372
21,35,0.0334840609573471,0.426626081534535
21,36,0.0332300238002139,0.343667630849819
21,37,0.0329539263310606,0.281501305217657
21,38,0.032656177839166,0.233929455543833
21,39,0.0323372188726979,0.196835942831897
21,40,0.0319975203907032,0.167419925795567
21,41,0.0316375828578207,0.143733354962182
21,42,0.0312579352834872,0.124394191093629
21,43,0.0308591342079953,0.108404152045441
21,44,0.0304417626376984,0.0950302483214265
21,45,0.0300064289313334,0.0837261739580308
21,46,0.0295537656402932,0.0740791454369388
21,47,0.029084428305243,0.0657733177127336
21,48,0.0285990942117494,0.0585641999695538
22,0,0.0586176160082615,0.145133863240005
22,1,0.0595477729872678,0.164460757593736
22,2,0.0604442350253537,0.187223670403035
22,3,0.0613057054387231,0.214321078087851
22,4,0.0621309340614954,0.246961167533133
22,5,0.0629187196225064,0.286795510803877
22,6,0.0636679120332534,0.336123456465743
22,7,0.0643774145828983,0.398212475514403
22,8,0.0650461860347791,0.477814396554025
22,9,0.0656732426202229,0.582023915455644
22,10,0.0662576599253174,0.72175858632368
22,11,0.0667985746660757,0.914418312694211
22,12,0.067295186348526,1.18890182189767
22,13,0.0677467588098912,1.59562889628141
22,14,0.0681526216372985,2.2280015131254
22,15,0.068512171461198,3.27246432085393
22,16,0.0688248731202317,5.13866401587818
22,17,0.0690902606955422,8.84986730981943
22,18,0.0693079384114653,17.4700659123522
22,19,0.0694775814013457,43.0523501351501
22,20,0.0695989363363839,146.822834243726
22,21,0.0775150714528125,85.393254525693
22,22,0.0540369630736347,-628.182178165419
22,23,0.0775150714527993,85.3932545256928
22,24,0.052217415020109,136.158533150559
22,25,0.0347994493071258,46.2407316135561
22,26,0.0347751264830854,22.3887049859947
22,27,0.0347265298051831,10.9280175359799
22,28,0.0346537319826731,5.88150581540789
22,29,0.0345568418786501,3.46627604531554
22,30,0.0344360042991831,2.1995801627733
22,31,0.0342913997126294,1.48088410054661
22,32,0.0341232439003062,1.0457345179484
22,33,0.0339317875387022,0.767746541469028
22,34,0.0337173157147893,0.582042374697642
22,35,0.0334801473748308,0.453222914858236
22,36,0.0332206347084892,0.360943371276842
22,37,0.0329391624693555,0.292979207065465
22,38,0.03263614723327,0.241697801572875
22,39,0.0323120365962853,0.202171959515948
22,40,0.0319673083140593,0.171126654981702
22,41,0.0316024693843367,0.146328185343149
22,42,0.0312180550748108,0.126217788754097
22,43,0.0308146278983592,0.109685217475917
22,44,0.030392776537976,0.0959250105329286
22,45,0.0299531147235216,0.0843430394199596
22,46,0.0294962800634664,0.0744944067938783
22,47,0.0290229328330583,0.0660413569902978
22,48,0.0285337547226231,0.0587242317367139
23,0,0.0576551048307136,0.128564836720416
23,1,0.0586176160082649,0.145133863240003
23,2,0.0595477729872545,0.164460757593738
23,3,0.0604442350253636,0.18722367040303
23,4,0.0613057054387263,0.214321078087859
23,5,0.0621309340614921,0.24696116753313
23,6,0.0629187196225064,0.28679551080387
23,7,0.06366791203325,0.336123456465743
23,8,0.064377414582895,0.398212475514403
23,9,0.0650461860347858,0.477814396554022
23,10,0.0656732426202263,0.58202391545565
23,11,0.0662576599253174,0.72175858632368
23,12,0.066798574666069,0.914418312694205
23,13,0.067295186348526,1.18890182189767
23,14,0.0677467588098945,1.59562889628141
23,15,0.068152621637295,2.22800151312541
23,16,0.068512171461198,3.27246432085395
23,17,0.068824873120235,5.13866401587817
23,18,0.0690902606955421,8.84986730981944
23,19,0.0693079384114655,17.4700659123523
23,20,0.0694775814013491,43.0523501351502
23,21,0.0695989363363803,146.822834243726
23,22,0.0775150714528126,85.3932545256928
23,23,0.0540369630736347,-628.18217816542
23,24,0.060106229862147,72.6950999522112
23,25,0.0348298298672527,161.663823995979
23,26,0.0347994493071258,46.2407316135561
23,27,0.0347448129319727,16.7677100602721
23,28,0.0346660024014261,7.72485620328405
23,29,0.0345631354558539,4.16166892796722
23,30,0.0344363656882003,2.49727678698349
23,31,0.0342858822466828,1.62061274247221
23,32,0.0341119094686699,1.11591944782223
23,33,0.0339147064467875,0.804788431532023
23,34,0.033694566528086,0.602274796028845
23,35,0.0334518167473778,0.464499176019015
23,36,0.0331868171961333,0.36725782743888
23,37,0.0328999603281598,0.296459733261652
23,38,0.0325916702036296,0.243522297979075
23,39,0.0322624016733697,0.203013565940792
23,40,0.0319126395047471,0.171380316367023
23,41,0.0315428974515965,0.146230651727014
23,42,0.0311537172697936,0.125913412429954
23,43,0.0307456676810157,0.109263134672532
23,44,0.0303193432866547,0.0954407136836572
23,45,0.0298753634345606,0.0838311851709556
23,46,0.0294143710406848,0.0739765754902016
23,47,0.0289370313688134,0.065530837074593
23,48,0.0284440307705169,0.0582290150306442
24,0,0.04268493368868,0.0881044900265989
24,1,0.0434243989020349,0.0992148071815338
24,2,0.044140371562015,0.11208497493088
24,3,0.0448318224501703,0.127127856108807
24,4,0.0454977539731869,0.144884541863499
24,5,0.0461372020521534,0.166073965375155
24,6,0.0467492379521565,0.191665890878861
24,7,0.0473329700490074,0.222990493223763
24,8,0.0478875455282184,0.261906619661889
24,9,0.0484121520133845,0.311066740661142
24,10,0.0489060191199576,0.374346115488618
24,11,0.0493684199309466,0.457560580067418
24,12,0.0497986723915736,0.569711829827635
24,13,0.0501961406196213,0.725241151071832
24,14,0.0505602361285197,0.948314898176714
24,15,0.0508904189607843,1.28146517677606
24,16,0.0511861987287599,1.80428863683232
24,17,0.0514471355611455,2.67760024346767
24,18,0.0516728409522428,4.25989413880859
24,19,0.0518629785130469,7.46266784210371
24,20,0.052017264621609,15.0759253225414
24,21,0.0521354689720076,38.3781163977047
24,22,0.0522174150200924,136.158533150559
24,23,0.0601062298621603,72.6950999522112
24,24,0.0366159698083349,-559.83317256281
24,25,0.0601062298621471,72.6950999522113
24,26,0.0522174150201025,136.158533150559
24,27,0.052135468972011,38.3781163977044
24,28,0.0520172646216155,15.0759253225414
24,29,0.0518629785130401,7.46266784210375
24,30,0.0516728409522428,4.25989413880863
24,31,0.0514471355611455,2.6776002434676
24,32,0.0511861987287566,1.80428863683234
24,33,0.0508904189607876,1.28146517677606
24,34,0.0505602361285197,0.948314898176721
24,35,0.0501961406196212,0.725241151071825
24,36,0.0497986723915735,0.569711829827634
24,37,0.0493684199309398,0.457560580067418
24,38,0.0489060191199642,0.374346115488615
24,39,0.0484121520133848,0.311066740661146
24,40,0.0478875455282218,0.261906619661889
24,41,0.047332970049004,0.222990493223759
24,42,0.0467492379521565,0.191665890878865
24,43,0.0461372020521467,0.166073965375155
24,44,0.0454977539732003,0.144884541863501
24,45,0.0448318224501602,0.127127856108809
24,46,0.0441403715620149,0.112084974930879
24,47,0.0434243989020382,0.0992148071815322
24,48,0.0426849336886833,0.0881044900266006
25,0,0.0284440307705203,0.0582290150306467
25,1,0.0289370313688235,0.0655308370745925
25,2,0.029414371040675,0.0739765754901983
25,3,0.0298753634345475,0.0838311851709623
25,4,0.0303193432866747,0.0954407136836555
25,5,0.0307456676809992,0.109263134672531
25,6,0.031153717269797,0.125913412429952
25,7,0.0315428974515932,0.146230651727017
25,8,0.0319126395047471,0.17138031636702
25,9,0.0322624016733729,0.203013565940792
25,10,0.0325916702036363,0.243522297979078
25,11,0.0328999603281565,0.296459733261645
25,12,0.0331868171961301,0.367257827438883
25,13,0.0334518167473812,0.464499176019009
25,14,0.0336945665280894,0.602274796028852
25,15,0.0339147064467775,0.804788431532023
25,16,0.03411190946867,1.11591944782223
25,17,0.0342858822466862,1.62061274247218
25,18,0.0344363656882003,2.49727678698348
25,19,0.0345631354558541,4.16166892796725
25,20,0.0346660024014329,7.72485620328412
25,21,0.0347448129319761,16.7677100602722
25,22,0.0347994493071325,46.2407316135561
25,23,0.0348298298672394,161.663823995979
25,24,0.0601062298621505,72.6950999522114
25,25,0.054036963073625,-628.18217816542
25,26,0.0775150714528195,85.3932545256928
25,27,0.0695989363363805,146.822834243726
25,28,0.0694775814013524,43.0523501351503
25,29,0.0693079384114555,17.4700659123522
25,30,0.0690902606955523,8.84986730981946
25,31,0.0688248731202252,5.13866401587822
25,32,0.0685121714612015,3.27246432085395
25,33,0.0681526216372886,2.2280015131254
25,34,0.0677467588099047,1.59562889628141
25,35,0.067295186348516,1.18890182189767
25,36,0.0667985746660791,0.914418312694205
25,37,0.0662576599253241,0.72175858632368
25,38,0.065673242620223,0.582023915455664
25,39,0.0650461860347764,0.477814396554012
25,40,0.0643774145828986,0.39821247551441
25,41,0.0636679120332502,0.33612345646575
25,42,0.0629187196225099,0.286795510803864
25,43,0.0621309340614955,0.24696116753314
25,44,0.0613057054387198,0.214321078087851
25,45,0.0604442350253636,0.187223670403032
25,46,0.0595477729872545,0.164460757593741
25,47,0.0586176160082717,0.145133863240002
25,48,0.0576551048307037,0.128564836720417
26,0,0.0285337547226265,0.0587242317367114
26,1,0.029022932833045,0.0660413569902983
26,2,0.0294962800634732,0.0744944067938791
26,3,0.0299531147235317,0.0843430394199621
26,4,0.0303927765379595,0.0959250105329219
26,5,0.0308146278983759,0.109685217475923
26,6,0.0312180550748075,0.126217788754101
26,7,0.0316024693843367,0.146328185343144
26,8,0.0319673083140593,0.171126654981705
26,9,0.0323120365962851,0.202171959515948
26,10,0.0326361472332667,0.241697801572872
26,11,0.0329391624693556,0.292979207065478
26,12,0.0332206347084993,0.360943371276832
26,13,0.0334801473748142,0.453222914858236
26,14,0.0337173157147827,0.582042374697642
26,15,0.0339317875387288,0.767746541469035
26,16,0.0341232439002996,1.04573451794841
26,17,0.0342913997126327,1.48088410054661
26,18,0.0344360042991765,2.19958016277332
26,19,0.0345568418786535,3.46627604531558
26,20,0.0346537319826666,5.8815058154079
26,21,0.0347265298051798,10.9280175359799
26,22,0.0347751264830887,22.3887049859947
26,23,0.0347994493071258,46.240731613556
26,24,0.0522174150200992,136.158533150559
26,25,0.0775150714528195,85.393254525693
26,26,0.054036963073625,-628.18217816542
26,27,0.0775150714528127,85.3932545256933
26,28,0.0695989363363805,146.822834243726
26,29,0.0694775814013557,43.0523501351503
26,30,0.0693079384114588,17.4700659123522
26,31,0.069090260695549,8.84986730981945
26,32,0.0688248731202285,5.13866401587818
26,33,0.0685121714612014,3.27246432085399
26,34,0.0681526216372854,2.22800151312539
26,35,0.0677467588099012,1.59562889628142
26,36,0.0672951863485226,1.18890182189765
26,37,0.0667985746660724,0.914418312694225
26,38,0.0662576599253207,0.72175858632368
26,39,0.0656732426202268,0.582023915455654
26,40,0.0650461860347761,0.477814396554016
26,41,0.0643774145828951,0.398212475514407
26,42,0.0636679120332569,0.336123456465753
26,43,0.0629187196225031,0.28679551080386
26,44,0.0621309340614989,0.246961167533135
26,45,0.061305705438723,0.214321078087855
26,46,0.0604442350253536,0.187223670403032
26,47,0.0595477729872546,0.164460757593741
26,48,0.0586176160082782,0.14513386324
27,0,0.0285990942117362,0.0585641999695538
27,1,0.029084428305263,0.065773317712734
27,2,0.0295537656402899,0.074079145436938
27,3,0.0300064289313269,0.0837261739580283
27,4,0.0304417626377018,0.095030248321429
27,5,0.030859134207992,0.108404152045436
27,6,0.0312579352834806,0.124394191093625
27,7,0.0316375828578307,0.143733354962192
27,8,0.0319975203907065,0.167419925795564
27,9,0.0323372188726911,0.196835942831894
27,10,0.0326561778391693,0.233929455543837
27,11,0.0329539263310607,0.28150130521765
27,12,0.0332300238002106,0.343667630849822
27,13,0.0334840609573605,0.426626081534558
27,14,0.0337156605610213,0.539962800971359
27,15,0.033924478145299,0.698953232287162
27,16,0.034110202685298,0.928749874245297
27,17,0.0342725571981397,1.27226706084509
27,18,0.0344112992791864,1.80549066749378
27,19,0.0345262215710304,2.66775080493871
27,20,0.0346171521654962,4.12023146069022
27,21,0.0346839549367107,6.64040883619113
27,22,0.0347265298051865,10.9280175359799
27,23,0.0347448129319694,16.7677100602721
27,24,0.052135468972011,38.3781163977044
27,25,0.0695989363363772,146.822834243726
27,26,0.077515071452816,85.3932545256933
27,27,0.0540369630736248,-628.18217816542
27,28,0.0775150714528093,85.3932545256928
27,29,0.069598936336387,146.822834243726
27,30,0.0694775814013489,43.0523501351503
27,31,0.0693079384114654,17.4700659123523
27,32,0.0690902606955456,8.84986730981948
27,33,0.0688248731202317,5.13866401587816
27,34,0.0685121714612015,3.27246432085397
27,35,0.0681526216372918,2.22800151312538
27,36,0.0677467588098911,1.59562889628143
27,37,0.0672951863485259,1.18890182189765
27,38,0.0667985746660757,0.914418312694218
27,39,0.0662576599253244,0.721758586323673
27,40,0.0656732426202198,0.582023915455654
27,41,0.0650461860347792,0.477814396554019
27,42,0.0643774145828885,0.3982124755144
27,43,0.06366791203326,0.336123456465757
27,44,0.0629187196224997,0.286795510803867
27,45,0.0621309340615021,0.246961167533137
27,46,0.0613057054387296,0.214321078087854
27,47,0.0604442350253537,0.187223670403027
27,48,0.0595477729872544,0.164460757593745
28,0,0.0286399803904411,0.0578560376881369
28,1,0.0291214518016641,0.0648622839453645
28,2,0.0295867650731051,0.0729042046679928
28,3,0.0300352470599637,0.0822049921062858
28,4,0.0304662466934218,0.0930504579188308
28,5,0.0308791362184695,0.105810447141476
28,6,0.0312733123900523,0.120968952981091
28,7,0.0316481976247955,0.139167056279549
28,8,0.0320032411058873,0.161265058827594
28,9,0.0323379198384474,0.188433809933293
28,10,0.0326517396535682,0.222291193888897
28,11,0.0329442361580472,0.265109722841075
28,12,0.033214975628589,0.320138124401705
28,13,0.0334635558477298,0.392108991453856
28,14,0.0336896068801503,0.488055263480694
28,15,0.0338927917873807,0.618646339084783
28,16,0.034072807279438,0.800404022034367
28,17,0.0342293843020575,1.05939296674817
28,18,0.0343622885577886,1.43725940739436
28,19,0.0344713209603496,2.0004003591276
28,20,0.0345563180209194,2.85045821722119
28,21,0.0346171521654928,4.12023146069021
28,22,0.0346537319826631,5.88150581540788
28,23,0.0346660024014327,7.72485620328407
28,24,0.0520172646216155,15.0759253225415
28,25,0.0694775814013557,43.0523501351502
28,26,0.0695989363363772,146.822834243726
28,27,0.0775150714528159,85.3932545256928
28,28,0.0540369630736314,-628.18217816542
28,29,0.0775150714528093,85.3932545256929
28,30,0.0695989363363803,146.822834243726
28,31,0.0694775814013489,43.0523501351502
28,32,0.0693079384114654,17.4700659123523
28,33,0.0690902606955421,8.84986730981948
28,34,0.0688248731202285,5.13866401587817
28,35,0.0685121714611981,3.27246432085396
28,36,0.0681526216373051,2.2280015131254
28,37,0.0677467588098878,1.59562889628142
28,38,0.0672951863485259,1.18890182189767
28,39,0.0667985746660628,0.914418312694212
28,40,0.0662576599253308,0.72175858632368
28,41,0.0656732426202296,0.582023915455654
28,42,0.0650461860347759,0.477814396554019
28,43,0.064377414582895,0.39821247551441
28,44,0.0636679120332568,0.336123456465743
28,45,0.0629187196224997,0.28679551080386
28,46,0.0621309340615021,0.246961167533142
28,47,0.0613057054387197,0.214321078087856
28,48,0.0604442350253536,0.187223670403025
29,0,0.0286563846669819,0.0566999917921335
29,1,0.0291339773585707,0.0634340040108276
29,2,0.0295952554473319,0.071128860606253
29,3,0.0300395496581582,0.0799833384695971
29,4,0.0304662131233317,0.0902494293158111
29,5,0.0308746226148187,0.102249538928366
29,6,0.031264179733717,0.11640021438224
29,7,0.0316343120550046,0.133245246297196
29,8,0.0319844742243162,0.153502390326772
29,9,0.0323141490049143,0.178130102154279
29,10,0.0326228482721819,0.208424012700709
29,11,0.0329101139536586,0.246158054513728
29,12,0.0331755189122488,0.293793195513829
29,13,0.0334186677712305,0.354789045780422
29,14,0.0336391976784291,0.434071733516606
29,15,0.033836779008589,0.538735710994904
29,16,0.0340111160020561,0.679081298430587
29,17,0.0341619473381518,0.870083123499285
29,18,0.03428904664255,1.13323566868227
29,19,0.0343922229269579,1.49806957354668
29,20,0.0344713209603595,2.00040035912757
29,21,0.0345262215710269,2.66775080493874
29,22,0.03455684187866,3.46627604531555
29,23,0.034563135455854,4.16166892796721
29,24,0.0518629785130334,7.46266784210369
29,25,0.0693079384114555,17.4700659123522
29,26,0.0694775814013557,43.0523501351504
29,27,0.0695989363363804,146.822834243726
29,28,0.0775150714528093,85.3932545256928
29,29,0.0540369630736314,-628.18217816542
29,30,0.0775150714528159,85.3932545256927
29,31,0.0695989363363803,146.822834243726
29,32,0.0694775814013489,43.0523501351501
29,33,0.0693079384114687,17.4700659123523
29,34,0.0690902606955489,8.84986730981947
29,35,0.0688248731202251,5.13866401587817
29,36,0.0685121714611913,3.27246432085395
29,37,0.0681526216373051,2.22800151312538
29,38,0.0677467588098944,1.59562889628142
29,39,0.067295186348533,1.18890182189768
29,40,0.0667985746660592,0.914418312694198
29,41,0.0662576599253206,0.72175858632368
29,42,0.0656732426202297,0.582023915455654
29,43,0.0650461860347758,0.477814396554002
29,44,0.0643774145828917,0.39821247551441
29,45,0.06366791203326,0.336123456465753
29,46,0.0629187196224931,0.286795510803864
29,47,0.0621309340615055,0.24696116753313
29,48,0.0613057054387296,0.214321078087863
30,0,0.0286483187201265,0.0551869846654601
30,1,0.0291220190461861,0.0616013083134691
30,2,0.0295792536434109,0.0688943264065911
30,3,0.0300193568295342,0.0772395364445104
30,4,0.0304416856604344,0.0868544743194726
30,5,0.0308456211573891,0.0980140537678762
30,6,0.0312305694913054,0.111068578653999
30,7,0.0315959631206973,0.126468268375523
30,8,0.0319412618817853,0.144796924108476
30,9,0.03226595402741,0.166818497212537
30,10,0.0325695572130837,0.193541936601315
30,11,0.0328516194278709,0.226311941540393
30,12,0.0331117198677979,0.266936229486486
30,13,0.0333494697501166,0.31786346920503
30,14,0.0335645130665747,0.382429046775248
30,15,0.0337565272738625,0.465184659059051
30,16,0.0339252239199061,0.572311774299315
30,17,0.0340703492045387,0.712059915808141
30,18,0.034191684473136,0.894976626190587
30,19,0.0342890466425601,1.13323566868229
30,20,0.0343622885577754,1.43725940739436
30,21,0.0344112992791864,1.80549066749376
30,22,0.0344360042991731,2.1995801627733
30,23,0.0344363656882036,2.49727678698352
30,24,0.0516728409522494,4.25989413880857
30,25,0.0690902606955523,8.84986730981948
30,26,0.0693079384114555,17.4700659123522
30,27,0.0694775814013489,43.0523501351502
30,28,0.069598936336387,146.822834243726
30,29,0.0775150714528093,85.3932545256927
30,30,0.0540369630736247,-628.182178165419
30,31,0.0775150714528158,85.3932545256926
30,32,0.0695989363363837,146.822834243726
30,33,0.0694775814013455,43.0523501351502
30,34,0.0693079384114588,17.4700659123522
30,35,0.0690902606955555,8.84986730981951
30,36,0.0688248731202316,5.13866401587817
30,37,0.0685121714611946,3.27246432085397
30,38,0.0681526216372851,2.22800151312536
30,39,0.0677467588099015,1.59562889628143
30,40,0.0672951863485294,1.18890182189769
30,41,0.0667985746660723,0.914418312694191
30,42,0.0662576599253207,0.72175858632368
30,43,0.0656732426202262,0.58202391545566
30,44,0.0650461860347825,0.477814396554019
30,45,0.0643774145828883,0.398212475514403
30,46,0.0636679120332634,0.336123456465747
30,47,0.0629187196224965,0.28679551080387
30,48,0.0621309340614987,0.246961167533132
31,0,0.028615834431505,0.0533973931746062
31,1,0.0290856309004828,0.059462718290194
31,2,0.0295388162673688,0.0663222263231368
31,3,0.0299747281609564,0.074124831043062
31,4,0.0303927272771139,0.0830550774020028
31,5,0.0307921986021244,0.0933431703884244
31,6,0.0311725525919411,0.105278200700753
31,7,0.0315332263050835,0.119225674055871
31,8,0.0318736844861283,0.135650839177912
31,9,0.0321934205979696,0.155149811513738
31,10,0.0324919578000693,0.178491102161325
31,11,0.0327688498709468,0.206670819733518
31,12,0.0330236820726008,0.240985293953318
31,13,0.0332560719549666,0.283124570374755
31,14,0.0334656700987581,0.335287665368072
31,15,0.0336521607950154,0.400312205475754
31,16,0.0338152626596126,0.481789394301044
31,17,0.0339547291816645,0.584083548341117
31,18,0.0340703492045387,0.712059915808141
31,19,0.0341619473381452,0.870083123499266
31,20,0.0342293843020609,1.05939296674819
31,21,0.0342725571981497,1.2722670608451
31,22,0.0342913997126327,1.48088410054661
31,23,0.0342858822466795,1.62061274247218
31,24,0.0514471355611455,2.67760024346768
31,25,0.0688248731202318,5.13866401587814
31,26,0.0690902606955456,8.84986730981948
31,27,0.0693079384114654,17.4700659123522
31,28,0.0694775814013489,43.0523501351502
31,29,0.0695989363363803,146.822834243726
31,30,0.0775150714528158,85.3932545256927
31,31,0.0540369630736247,-628.182178165419
31,32,0.0775150714528125,85.3932545256925
31,33,0.0695989363363836,146.822834243726
31,34,0.0694775814013556,43.0523501351502
31,35,0.0693079384114554,17.4700659123523
31,36,0.0690902606955454,8.84986730981945
31,37,0.0688248731202316,5.13866401587816
31,38,0.0685121714612046,3.27246432085399
31,39,0.0681526216372955,2.22800151312538
31,40,0.0677467588098913,1.5956288962814
31,41,0.0672951863485192,1.18890182189768
31,42,0.0667985746660723,0.914418312694204
31,43,0.0662576599253239,0.721758586323673
31,44,0.0656732426202229,0.582023915455653
31,45,0.0650461860347758,0.477814396554015
31,46,0.0643774145828884,0.398212475514406
31,47,0.0636679120332668,0.33612345646575
31,48,0.062918719622493,0.286795510803867
32,0,0.0285590237357049,0.0514007489025813
32,1,0.0290249067738339,0.0571022989922702
32,2,0.0294740395006609,0.0635147600545999
32,3,0.02990576257053,0.0707641432339974
32,4,0.030319440030801,0.0790047235638509
32,5,0.0307144605421719,0.0884263623054661
32,6,0.0310902385542406,0.0992639137759817
32,7,0.0314462154335277,0.111809322958142
32,8,0.0317818605418889,0.126427168740413
32,9,0.032096672262519,0.143574553667739
32,10,0.0323901789714977,0.163826330616025
32,11,0.032661939952715,0.187906564699043
32,12,0.0329115462540176,0.216726582937446
32,13,0.0331386214827534,0.251428395907753
32,14,0.0333428225391111,0.293428528793581
32,15,0.0335238402851279,0.344449088513375
32,16,0.0336814001485387,0.406505853060176
32,17,0.0338152626596193,0.48178939430104
32,18,0.0339252239199028,0.572311774299315
32,19,0.0340111160020529,0.6790812984306
32,20,0.0340728072794414,0.800404022034361
32,21,0.034110202685288,0.928749874245304
32,22,0.0341232439003096,1.0457345179484
32,23,0.0341119094686666,1.11591944782222
32,24,0.0511861987287599,1.80428863683232
32,25,0.0685121714611915,3.272464320854
32,26,0.0688248731202385,5.13866401587816
32,27,0.0690902606955422,8.84986730981947
32,28,0.0693079384114654,17.4700659123523
32,29,0.0694775814013489,43.0523501351502
32,30,0.0695989363363837,146.822834243726
32,31,0.0775150714528125,85.3932545256925
32,32,0.0540369630736247,-628.182178165419
32,33,0.0775150714528125,85.3932545256925
32,34,0.0695989363363771,146.822834243726
32,35,0.0694775814013589,43.0523501351502
32,36,0.0693079384114653,17.4700659123523
32,37,0.0690902606955421,8.84986730981947
32,38,0.0688248731202283,5.13866401587814
32,39,0.0685121714611918,3.27246432085397
32,40,0.0681526216373119,2.2280015131254
32,41,0.0677467588098911,1.59562889628139
32,42,0.0672951863485226,1.18890182189767
32,43,0.0667985746660689,0.914418312694198
32,44,0.066257659925324,0.721758586323673
32,45,0.0656732426202329,0.58202391545566
32,46,0.0650461860347725,0.477814396554009
32,47,0.0643774145828918,0.398212475514413
32,48,0.0636679120332601,0.33612345646575
33,0,0.0284780183884075,0.0492560790586455
33,1,0.0289399801042804,0.0545903449210655
33,2,0.0293850588697719,0.0605559506510503
33,3,0.0298125980762991,0.0672582288713438
33,4,0.0302219648303852,0.0748245322680687
33,5,0.0306125511717653,0.0834094248216454
33,6,0.0309837752458962,0.0932011564069521
33,7,0.0313350824284695,0.104429705638766
33,8,0.0316659463992172,0.117376693691945
33,9,0.0319758701628273,0.13238743964431
33,10,0.0322643870145218,0.149885284299901
33,11,0.0325310614482469,0.17038793641511
33,12,0.0327754900055071,0.19452477073889
33,13,0.0329973020629106,0.223052322138939
33,14,0.0331961605563931,0.256861938018103
33,15,0.0333717626411591,0.296967390121134
33,16,0.0335238402851147,0.344449088513371
33,17,0.0336521607950254,0.400312205475761
33,18,0.0337565272738625,0.465184659059047
33,19,0.0338367790085891,0.538735710994884
33,20,0.0338927917873708,0.618646339084776
33,21,0.0339244781453189,0.698953232287182
33,22,0.0339317875387022,0.767746541469035
33,23,0.0339147064467908,0.804788431532023
33,24,0.0508904189607843,1.28146517677606
33,25,0.0681526216372952,2.22800151312539
33,26,0.0685121714611981,3.27246432085399
33,27,0.068824873120235,5.13866401587817
33,28,0.0690902606955388,8.84986730981947
33,29,0.0693079384114687,17.4700659123523
33,30,0.0694775814013455,43.0523501351503
33,31,0.0695989363363836,146.822834243726
33,32,0.0775150714528158,85.3932545256925
33,33,0.054036963073628,-628.182178165419
33,34,0.0775150714528159,85.3932545256928
33,35,0.0695989363363737,146.822834243726
33,36,0.0694775814013488,43.0523501351501
33,37,0.0693079384114653,17.4700659123523
33,38,0.0690902606955488,8.84986730981948
33,39,0.0688248731202288,5.13866401587817
33,40,0.0685121714611882,3.27246432085397
33,41,0.0681526216373117,2.2280015131254
33,42,0.0677467588098911,1.59562889628139
33,43,0.0672951863485225,1.18890182189769
33,44,0.0667985746660756,0.914418312694198
33,45,0.0662576599253106,0.72175858632368
33,46,0.0656732426202329,0.582023915455647
33,47,0.0650461860347759,0.477814396554022
33,48,0.0643774145828917,0.3982124755144
34,0,0.0283729896533344,0.0470126551761652
34,1,0.0288310236044549,0.051984567668875
34,2,0.0292720489358141,0.0575135006922883
34,3,0.0296954114857931,0.0636865557837056
34,4,0.0301004811248523,0.070607699769426
34,5,0.0304866529722647,0.0784013292406891
34,6,0.0308533485667544,0.0872165646006047
34,7,0.0312000169881375,0.0972323650244828
34,8,0.0315261359275548,0.108663511252767
34,9,0.0318312127041156,0.121767397500424
34,10,0.0321147852254904,0.136851355303646
34,11,0.032376422890291,0.154279811107387
34,12,0.0326157274303496,0.174479802555777
34,13,0.0328323336910159,0.197941989788141
34,14,0.0330259103475735,0.225211883701443
34,15,0.0331961605563865,0.25686193801811
34,16,0.0333428225391211,0.293428528793581
34,17,0.0334656700987448,0.335287665368069
34,18,0.033564513066588,0.382429046775251
34,19,0.0336391976784292,0.434071733516609
34,20,0.0336896068801471,0.488055263480697
34,21,0.0337156605610146,0.539962800971366
34,22,0.0337173157147927,0.582042374697642
34,23,0.033694566528086,0.602274796028845
34,24,0.0505602361285197,0.948314898176714
34,25,0.0677467588099013,1.59562889628143
34,26,0.068152621637292,2.22800151312539
34,27,0.0685121714611948,3.27246432085396
34,28,0.0688248731202351,5.13866401587818
34,29,0.0690902606955456,8.84986730981946
34,30,0.0693079384114588,17.4700659123522
34,31,0.0694775814013556,43.0523501351503
34,32,0.0695989363363738,146.822834243726
34,33,0.0775150714528193,85.3932545256928
34,34,0.0540369630736249,-628.182178165419
34,35,0.0775150714528094,85.3932545256927
34,36,0.0695989363363838,146.822834243726
34,37,0.069477581401349,43.0523501351501
34,38,0.0693079384114688,17.4700659123524
34,39,0.0690902606955427,8.84986730981947
34,40,0.0688248731202353,5.13866401587815
34,41,0.0685121714611848,3.27246432085395
34,42,0.0681526216373019,2.22800151312539
34,43,0.0677467588098978,1.59562889628141
34,44,0.0672951863485193,1.18890182189769
34,45,0.066798574666079,0.914418312694185
34,46,0.0662576599253208,0.721758586323686
34,47,0.0656732426202231,0.582023915455647
34,48,0.0650461860347826,0.477814396554022
35,0,0.0282441479087052,0.0447109686535933
35,1,0.0286982488705644,0.0493315356534095
35,2,0.0291352229053501,0.0544409109852903
35,3,0.0295544180074159,0.060110419455465
35,4,0.0299552065140111,0.0664240851170273
35,5,0.0303369863217245,0.0734809871054546
35,6,0.030699182055842,0.0813979774473376
35,7,0.0310412461901545,0.0903127446240755
35,8,0.031362660114651,0.100387139603733
35,9,0.0316629351487092,0.111810558170983
35,10,0.0319416134974986,0.124802956940918
35,11,0.0321982691495888,0.139616709792434
35,12,0.0324325087135932,0.156535891309049
35,13,0.0326439721921009,0.175870559243635
35,14,0.0328323336910092,0.19794198978815
35,15,0.0329973020629105,0.223052322138933
35,16,0.0331386214827533,0.251428395907753
35,17,0.0332560719549665,0.283124570374748
35,18,0.0333494697501066,0.31786346920503
35,19,0.0334186677712406,0.354789045780429
35,20,0.0334635558477332,0.39210899145387
35,21,0.0334840609573504,0.426626081534542
35,22,0.0334801473748274,0.453222914858236
35,23,0.0334518167473778,0.464499176019008
35,24,0.0501961406196146,0.725241151071832
35,25,0.067295186348526,1.18890182189767
35,26,0.0677467588098913,1.59562889628141
35,27,0.0681526216372985,2.2280015131254
35,28,0.0685121714611947,3.27246432085395
35,29,0.0688248731202317,5.13866401587818
35,30,0.0690902606955521,8.84986730981948
35,31,0.0693079384114554,17.4700659123522
35,32,0.0694775814013589,43.0523501351503
35,33,0.0695989363363737,146.822834243726
35,34,0.0775150714528127,85.3932545256928
35,35,0.0540369630736347,-628.18217816542
35,36,0.0775150714528158,85.3932545256927
35,37,0.0695989363363803,146.822834243726
35,38,0.0694775814013389,43.0523501351501
35,39,0.0693079384114791,17.4700659123523
35,40,0.0690902606955357,8.84986730981953
35,41,0.0688248731202383,5.13866401587814
35,42,0.0685121714611947,3.27246432085395
35,43,0.0681526216373017,2.2280015131254
35,44,0.0677467588098878,1.59562889628139
35,45,0.0672951863485225,1.18890182189769
35,46,0.0667985746660757,0.914418312694211
35,47,0.0662576599253208,0.721758586323666
35,48,0.0656732426202229,0.58202391545565
36,0,0.0280917421740826,0.0423838007225056
36,1,0.0285419059128374,0.0466681897057016
36,2,0.0289748321630218,0.0513796278877293
36,3,0.029389870784338,0.0565759889505797
36,4,0.0297863962829589,0.0623245384254463
36,5,0.0301638090285257,0.0687034136585072
36,6,0.0305215364232413,0.0758032324071417
36,7,0.0308590340208157,0.083728760987582
36,8,0.0311757865923369,0.0926005040773179
36,9,0.0314713091370416,0.102555964787612
36,10,0.0317451478355726,0.113750140213318
36,11,0.0319968809435237,0.126354526643511
36,12,0.0322261196235578,0.140553455513491
36,13,0.0324325087135899,0.156535891309046
36,14,0.0326157274303562,0.174479802555772
36,15,0.0327754900055136,0.194524770738896
36,16,0.0329115462540142,0.216726582937443
36,17,0.0330236820725941,0.240985293953328
36,18,0.0331117198678045,0.266936229486483
36,19,0.0331755189122455,0.293793195513843
36,20,0.0332149756285891,0.320138124401692
36,21,0.0332300238002172,0.343667630849816
36,22,0.0332206347084892,0.360943371276842
36,23,0.03318681719613,0.36725782743888
36,24,0.0497986723915802,0.569711829827634
36,25,0.0667985746660724,0.914418312694205
36,26,0.0672951863485226,1.18890182189767
36,27,0.0677467588098911,1.59562889628141
36,28,0.068152621637305,2.22800151312541
36,29,0.0685121714611947,3.27246432085395
36,30,0.0688248731202316,5.1386640158782
36,31,0.0690902606955421,8.84986730981948
36,32,0.0693079384114653,17.4700659123522
36,33,0.0694775814013488,43.0523501351502
36,34,0.0695989363363804,146.822834243726
36,35,0.0775150714528192,85.3932545256928
36,36,0.054036963073618,-628.182178165419
36,37,0.0775150714528191,85.3932545256925
36,38,0.0695989363363803,146.822834243726
36,39,0.0694775814013426,43.0523501351502
36,40,0.0693079384114721,17.4700659123522
36,41,0.0690902606955421,8.84986730981945
36,42,0.068824873120235,5.13866401587818
36,43,0.0685121714611879,3.27246432085392
36,44,0.0681526216373117,2.22800151312539
36,45,0.0677467588098877,1.5956288962814
36,46,0.0672951863485225,1.18890182189767
36,47,0.0667985746660724,0.914418312694211
36,48,0.0662576599253206,0.72175858632368
37,0,0.0279160595588941,0.040057295715579
37,1,0.0283622826080121,0.0440233186175535
37,2,0.0287911657272987,0.0483610738178085
37,3,0.0292020603524237,0.0531171046051511
37,4,0.0295943428608759,0.058344760692072
37,5,0.0299674157902357,0.0641050588679512
37,6,0.0303207090081831,0.0704675321868025
37,7,0.0306536808311104,0.0775109786077362
37,8,0.0309658190894572,0.085323959032255
37,9,0.0312566421368682,0.0940048006400906
37,10,0.0315256998011379,0.103660718571985
37,11,0.031772574274875,0.11440545557416
37,12,0.031996880943537,0.12635452664351
37,13,0.0321982691495722,0.139616709792432
37,14,0.0323764228903009,0.154279811107393
37,15,0.0325310614482369,0.170387936415101
37,16,0.0326619399527216,0.18790656469905
37,17,0.0327688498709501,0.206670819733515
37,18,0.0328516194278676,0.226311941540396
37,19,0.0329101139536553,0.246158054513712
37,20,0.0329442361580539,0.265109722841085
37,21,0.0329539263310573,0.281501305217657
37,22,0.0329391624693522,0.292979207065468
37,23,0.0328999603281631,0.296459733261648
37,24,0.0493684199309398,0.457560580067421
37,25,0.0662576599253174,0.72175858632368
37,26,0.0667985746660791,0.914418312694218
37,27,0.0672951863485259,1.18890182189764
37,28,0.0677467588098878,1.59562889628142
37,29,0.0681526216372984,2.2280015131254
37,30,0.068512171461198,3.27246432085395
37,31,0.068824873120235,5.13866401587818
37,32,0.0690902606955421,8.84986730981949
37,33,0.0693079384114653,17.4700659123522
37,34,0.0694775814013456,43.0523501351501
37,35,0.069598936336377,146.822834243726
37,36,0.0775150714528258,85.3932545256928
37,37,0.054036963073618,-628.182178165419
37,38,0.0775150714528191,85.3932545256929
37,39,0.0695989363363841,146.822834243726
37,40,0.0694775814013457,43.0523501351502
37,41,0.0693079384114653,17.4700659123521
37,42,0.0690902606955422,8.84986730981941
37,43,0.0688248731202349,5.13866401587818
37,44,0.068512171461188,3.27246432085395
37,45,0.0681526216373116,2.22800151312539
37,46,0.0677467588098878,1.5956288962814
37,47,0.0672951863485226,1.18890182189767
37,48,0.0667985746660756,0.914418312694204
38,0,0.0277174246339596,0.0377519793331666
38,1,0.0281597040756656,0.0414189250681972
38,2,0.0285845496304835,0.045408480789472
38,3,0.0289913140230498,0.049757740713094
38,4,0.0293793752057184,0.0545086123407577
38,5,0.0297481375792646,0.0597082504921128
38,6,0.0300970331642368,0.0654094022947611
38,7,0.0304255227207898,0.0716705724569617
38,8,0.0307330968138953,0.0785558682787742
38,9,0.0310192768219955,0.0861343108291887
38,10,0.0312836158866882,0.0944782933426958
38,11,0.0315256998011479,0.10366071857198
38,12,0.0317451478355693,0.113750140213321
38,13,0.0319416134975053,0.124802956940924
38,14,0.0321147852254871,0.136851355303644
38,15,0.0322643870145118,0.149885284299903
38,16,0.0323901789715044,0.163826330616025
38,17,0.0324919578000593,0.17849110216132
38,18,0.032569557213097,0.193541936601322
38,19,0.0326228482721786,0.208424012700709
38,20,0.032651739653565,0.222291193888897
38,21,0.0326561778391693,0.233929455543837
38,22,0.0326361472332633,0.241697801572865
38,23,0.0325916702036396,0.243522297979078
38,24,0.0489060191199609,0.374346115488612
38,25,0.0656732426202297,0.58202391545566
38,26,0.0662576599253141,0.721758586323686
38,27,0.066798574666079,0.914418312694231
38,28,0.0672951863485225,1.18890182189764
38,29,0.0677467588098944,1.59562889628143
38,30,0.0681526216372884,2.22800151312536
38,31,0.0685121714612013,3.27246432085399
38,32,0.0688248731202283,5.13866401587814
38,33,0.0690902606955488,8.84986730981951
38,34,0.0693079384114721,17.4700659123523
38,35,0.0694775814013389,43.0523501351501
38,36,0.069598936336377,146.822834243726
38,37,0.0775150714528191,85.3932545256928
38,38,0.0540369630736314,-628.18217816542
38,39,0.0775150714528097,85.3932545256932
38,40,0.0695989363363772,146.822834243726
38,41,0.0694775814013488,43.0523501351498
38,42,0.0693079384114654,17.4700659123522
38,43,0.0690902606955421,8.84986730981947
38,44,0.068824873120235,5.13866401587817
38,45,0.068512171461188,3.27246432085395
38,46,0.0681526216373117,2.2280015131254
38,47,0.0677467588098913,1.59562889628141
38,48,0.0672951863485226,1.18890182189767
39,0,0.0274961987273812,0.0354836882889443
39,1,0.0279345319795957,0.0388714458887802
39,2,0.0283553462246581,0.0425384920895149
39,3,0.0287579951924898,0.0465141068831908
39,4,0.0291418581162089,0.0508308669375334
39,5,0.029506340956047,0.0555247944848004
39,6,0.0298508775733739,0.0606353800040883
39,7,0.0301749308519832,0.0662053957367633
39,8,0.0304779937646551,0.0722803783468079
39,9,0.0307595903820528,0.0789076048003302
39,10,0.0310192768220056,0.0861343108291904
39,11,0.0312566421368618,0.0940048006400948
39,12,0.0314713091370385,0.102555964787611
39,13,0.0316629351487061,0.111810558170977
39,14,0.0318312127041158,0.121767397500424
39,15,0.0319758701628375,0.132387439644308
39,16,0.0320966722625159,0.143574553667736
39,17,0.0321934205979765,0.155149811513752
39,18,0.0322659540273869,0.166818497212524
39,19,0.0323141490049345,0.178130102154287
39,20,0.0323379198384344,0.188433809933285
39,21,0.0323372188727012,0.196835942831894
39,22,0.0323120365962919,0.202171959515958
39,23,0.0322624016733597,0.203013565940782
39,24,0.0484121520133881,0.311066740661149
39,25,0.0650461860347731,0.477814396554016
39,26,0.0656732426202334,0.582023915455661
39,27,0.0662576599253145,0.721758586323673
39,28,0.0667985746660761,0.914418312694225
39,29,0.0672951863485263,1.18890182189767
39,30,0.0677467588098982,1.59562889628144
39,31,0.0681526216372988,2.22800151312539
39,32,0.0685121714611918,3.27246432085396
39,33,0.0688248731202321,5.13866401587816
39,34,0.0690902606955461,8.84986730981949
39,35,0.0693079384114758,17.4700659123524
39,36,0.0694775814013393,43.0523501351502
39,37,0.0695989363363841,146.822834243726
39,38,0.0775150714528097,85.3932545256931
39,39,0.0540369630736256,-628.18217816542
39,40,0.0775150714528232,85.3932545256929
39,41,0.0695989363363808,146.822834243725
39,42,0.0694775814013461,43.0523501351501
39,43,0.0693079384114757,17.4700659123523
39,44,0.0690902606955327,8.84986730981944
39,45,0.0688248731202354,5.13866401587821
39,46,0.0685121714611852,3.27246432085395
39,47,0.0681526216373123,2.2280015131254
39,48,0.0677467588098916,1.59562889628141
40,0,0.0272527791465994,0.0332643953473964
40,1,0.0276871637560206,0.036392813581244
40,2,0.0281039534150405,0.039762526662633
40,3,0.0285025025794412,0.0433963986379208
40,4,0.0288821914724192,0.047319450968775
40,5,0.0292424273123589,0.0515588280119121
40,6,0.0295826454902142,0.0561436241676607
40,7,0.0299023106937177,0.0611045013156342
40,8,0.0302009179757652,0.0664729961825853
40,9,0.0304779937646551,0.0722803783468057
40,10,0.0307330968138921,0.078555868278777
40,11,0.0309658190894606,0.0853239590322537
40,12,0.031175786592337,0.0926005040773163
40,13,0.0313626601146545,0.100387139603739
40,14,0.0315261359275516,0.108663511252764
40,15,0.0316659463992206,0.117376693691948
40,16,0.0317818605418757,0.126427168740414
40,17,0.031873684486145,0.135650839177908
40,18,0.031941261881792,0.144796924108479
40,19,0.0319844742243031,0.15350239032677
40,20,0.0320032411058941,0.161265058827599
40,21,0.0319975203906999,0.167419925795569
40,22,0.0319673083140593,0.171126654981695
40,23,0.0319126395047504,0.171380316367036
40,24,0.0478875455282185,0.261906619661882
40,25,0.0643774145828986,0.398212475514407
40,26,0.0650461860347761,0.477814396554012
40,27,0.0656732426202231,0.582023915455657
40,28,0.0662576599253208,0.72175858632368
40,29,0.0667985746660658,0.914418312694198
40,30,0.067295186348536,1.18890182189769
40,31,0.0677467588098846,1.59562889628139
40,32,0.0681526216373119,2.22800151312543
40,33,0.0685121714611849,3.27246432085396
40,34,0.0688248731202287,5.13866401587815
40,35,0.0690902606955457,8.84986730981951
40,36,0.0693079384114721,17.4700659123523
40,37,0.0694775814013457,43.0523501351501
40,38,0.0695989363363772,146.822834243726
40,39,0.0775150714528232,85.3932545256929
40,40,0.0540369630736186,-628.182178165421
40,41,0.0775150714528194,85.3932545256934
40,42,0.0695989363363839,146.822834243726
40,43,0.069477581401339,43.0523501351503
40,44,0.0693079384114755,17.4700659123524
40,45,0.0690902606955423,8.84986730981949
40,46,0.0688248731202352,5.13866401587822
40,47,0.0685121714611884,3.27246432085395
40,48,0.068152621637302,2.22800151312541
41,0,0.0269875983285162,0.0311029257116647
41,1,0.0274180317703439,0.0339913607712852
41,2,0.0278308038224421,0.0370879184820542
41,3,0.0282252693925658,0.040410228055592
41,4,0.028600809407383,0.0439772317022957
41,5,0.028956832045367,0.0478090383816472
41,6,0.029292773918352,0.0519266417731977
41,7,0.0296081011993122,0.0563514434659984
41,8,0.0299023106937276,0.0611045013156329
41,9,0.0301749308519831,0.0662053957367628
41,10,0.0304255227207898,0.0716705724569617
41,11,0.0306536808311004,0.0775109786077378
41,12,0.0308590340208224,0.0837287609875834
41,13,0.0310412461901612,0.090312744624073
41,14,0.0312000169881209,0.0972323650244832
41,15,0.0313350824284762,0.104429705638766
41,16,0.0314462154335343,0.111809322958142
41,17,0.0315332263050702,0.119225674055868
41,18,0.0315959631207106,0.126468268375525
41,19,0.0316343120549947,0.133245246297196
41,20,0.0316481976248122,0.139167056279554
41,21,0.0316375828578207,0.143733354962181
41,22,0.0316024693843367,0.146328185343149
41,23,0.0315428974515964,0.146230651727012
41,24,0.0473329700490007,0.222990493223763
41,25,0.0636679120332568,0.336123456465747
41,26,0.0643774145828951,0.398212475514407
41,27,0.0650461860347825,0.477814396554019
41,28,0.0656732426202229,0.582023915455657
41,29,0.0662576599253206,0.72175858632368
41,30,0.0667985746660656,0.914418312694191
41,31,0.0672951863485292,1.18890182189768
41,32,0.0677467588098878,1.59562889628139
41,33,0.0681526216373117,2.22800151312541
41,34,0.0685121714611881,3.27246432085395
41,35,0.068824873120235,5.13866401587814
41,36,0.0690902606955421,8.84986730981947
41,37,0.0693079384114653,17.4700659123521
41,38,0.0694775814013488,43.0523501351498
41,39,0.0695989363363808,146.822834243725
41,40,0.0775150714528194,85.3932545256934
41,41,0.054036963073618,-628.182178165419
41,42,0.0775150714528192,85.3932545256925
41,43,0.0695989363363803,146.822834243726
41,44,0.0694775814013489,43.0523501351503
41,45,0.0693079384114653,17.4700659123522
41,46,0.0690902606955422,8.84986730981951
41,47,0.0688248731202318,5.13866401587817
41,48,0.068512171461198,3.27246432085395
42,0,0.0267011229194661,0.0290055683229012
42,1,0.0271276024044885,0.0316725780231315
42,2,0.0275363638772425,0.0345188526552602
42,3,0.0279267624296646,0.0375577743835939
42,4,0.028298179410822,0.0408034216687902
42,5,0.028650023665417,0.044270360721379
42,6,0.0289817327206379,0.0479733116316096
42,7,0.0292927739183586,0.0519266417731985
42,8,0.0295826454902108,0.0561436241676612
42,9,0.0298508775733671,0.0606353800040879
42,10,0.0300970331642368,0.0654094022947588
42,11,0.0303207090081897,0.0704675321868046
42,12,0.0305215364232346,0.0758032324071409
42,13,0.0306991820558421,0.0813979774473367
42,14,0.0308533485667644,0.0872165646006056
42,15,0.0309837752458929,0.0932011564069538
42,16,0.0310902385542406,0.0992639137759776
42,17,0.0311725525919511,0.105278200700754
42,18,0.0312305694912821,0.111068578654
42,19,0.0312641797337337,0.116400214382242
42,20,0.031273312390039,0.120968952981086
42,21,0.0312579352834872,0.12439419109363
42,22,0.0312180550748041,0.126217788754099
42,23,0.0311537172697969,0.125913412429952
42,24,0.0467492379521632,0.191665890878866
42,25,0.0629187196225032,0.28679551080387
42,26,0.0636679120332536,0.336123456465747
42,27,0.0643774145828918,0.398212475514403
42,28,0.0650461860347858,0.477814396554015
42,29,0.065673242620223,0.582023915455654
42,30,0.0662576599253207,0.72175858632368
42,31,0.066798574666069,0.914418312694191
42,32,0.0672951863485326,1.18890182189769
42,33,0.0677467588098845,1.59562889628139
42,34,0.0681526216373086,2.22800151312539
42,35,0.0685121714611881,3.27246432085395
42,36,0.068824873120235,5.13866401587817
42,37,0.0690902606955422,8.84986730981943
42,38,0.0693079384114654,17.4700659123522
42,39,0.0694775814013461,43.0523501351501
42,40,0.0695989363363839,146.822834243726
42,41,0.0775150714528192,85.3932545256925
42,42,0.0540369630736181,-628.182178165419
42,43,0.0775150714528159,85.3932545256929
42,44,0.0695989363363837,146.822834243725
42,45,0.0694775814013489,43.05235013515
42,46,0.0693079384114654,17.4700659123523
42,47,0.0690902606955457,8.84986730981948
42,48,0.0688248731202284,5.13866401587816
43,0,0.0263938527874375,0.0269765900659358
43,1,0.026816375077069,0.0294397399863281
43,2,0.0272211328464,0.0320571240028658
43,3,0.0276074811110888,0.0348386967152944
43,4,0.0279748013676876,0.0377946663484909
43,5,0.02832250283871,0.0409352571798289
43,6,0.0286500236654203,0.0442703607213782
43,7,0.0289568320453703,0.0478090383816455
43,8,0.0292424273123456,0.0515588280119125
43,9,0.0295063409560635,0.055524794484803
43,10,0.0297481375792579,0.0597082504921128
43,11,0.0299674157902424,0.0641050588679454
43,12,0.0301638090285157,0.068703413658508
43,13,0.0303369863217278,0.0734809871054593
43,14,0.0304866529722646,0.0784013292406879
43,15,0.0306125511717619,0.0834094248216417
43,16,0.0307144605421785,0.0884263623054703
43,17,0.0307921986021144,0.0933431703884236
43,18,0.0308456211574024,0.0980140537678762
43,19,0.030874622614812,0.102249538928366
43,20,0.0308791362184728,0.105810447141477
43,21,0.0308591342079953,0.108404152045439
43,22,0.0308146278983658,0.109685217475917
43,23,0.030745667681009,0.109263134672532
43,24,0.0461372020521501,0.166073965375153
43,25,0.0621309340614922,0.246961167533135
43,26,0.0629187196225031,0.286795510803867
43,27,0.06366791203326,0.336123456465757
43,28,0.0643774145828883,0.398212475514406
43,29,0.0650461860347824,0.477814396554005
43,30,0.0656732426202262,0.58202391545566
43,31,0.0662576599253239,0.721758586323686
43,32,0.0667985746660623,0.914418312694184
43,33,0.0672951863485291,1.18890182189769
43,34,0.0677467588098912,1.59562889628141
43,35,0.068152621637305,2.22800151312541
43,36,0.0685121714611913,3.27246432085391
43,37,0.0688248731202349,5.1386640158782
43,38,0.0690902606955421,8.84986730981947
43,39,0.0693079384114757,17.4700659123523
43,40,0.069477581401339,43.0523501351503
43,41,0.0695989363363803,146.822834243726
43,42,0.0775150714528159,85.3932545256929
43,43,0.0540369630736313,-628.18217816542
43,44,0.0775150714528092,85.3932545256928
43,45,0.0695989363363869,146.822834243726
43,46,0.0694775814013455,43.0523501351503
43,47,0.0693079384114621,17.4700659123523
43,48,0.0690902606955455,8.84986730981945
44,0,0.0260663199686829,0.0250186630983974
44,1,0.026484881198442,0.0272944165871993
44,2,0.0268856417961728,0.0297027443957064
44,3,0.0272679564490941,0.0322508489476008
44,4,0.02763120653356,0.0349458753150189
44,5,0.027974801367686,0.0377946663484934
44,6,0.028298179410822,0.0408034216687902
44,7,0.0286008094073796,0.0439772317022973
44,8,0.0288821914724258,0.0473194509687725
44,9,0.0291418581161988,0.050830866937531
44,10,0.0293793752057283,0.0545086123407593
44,11,0.0295943428608692,0.0583447606920741
44,12,0.0297863962829689,0.0623245384254465
44,13,0.0299552065140078,0.066424085117025
44,14,0.0301004811248489,0.070607699769426
44,15,0.0302219648303852,0.0748245322680709
44,16,0.0303194400307977,0.0790047235638495
44,17,0.0303927272771206,0.0830550774020032
44,18,0.0304416856604277,0.0868544743194713
44,19,0.0304662131233318,0.0902494293158103
44,20,0.0304662466934285,0.0930504579188292
44,21,0.0304417626376918,0.0950302483214257
44,22,0.0303927765379727,0.0959250105329277
44,23,0.0303193432866614,0.0954407136836572
44,24,0.0454977539731903,0.144884541863498
44,25,0.0613057054387264,0.214321078087858
44,26,0.0621309340614989,0.246961167533133
44,27,0.0629187196225031,0.286795510803864
44,28,0.0636679120332568,0.33612345646575
44,29,0.0643774145828917,0.398212475514406
44,30,0.0650461860347791,0.477814396554019
44,31,0.0656732426202229,0.582023915455653
44,32,0.066257659925324,0.721758586323673
44,33,0.0667985746660756,0.914418312694191
44,34,0.0672951863485193,1.1889018218977
44,35,0.0677467588098911,1.59562889628139
44,36,0.0681526216373083,2.22800151312539
44,37,0.068512171461188,3.27246432085393
44,38,0.068824873120235,5.1386640158782
44,39,0.0690902606955327,8.84986730981943
44,40,0.0693079384114755,17.4700659123524
44,41,0.0694775814013489,43.0523501351502
44,42,0.0695989363363871,146.822834243726
44,43,0.0775150714528059,85.3932545256928
44,44,0.0540369630736247,-628.182178165419
44,45,0.0775150714528125,85.3932545256927
44,46,0.0695989363363837,146.822834243726
44,47,0.0694775814013524,43.0523501351501
44,48,0.0693079384114654,17.4700659123522
45,0,0.0257190875514325,0.0231332162673948
45,1,0.0261336830632032,0.0252368859598292
45,2,0.0265304524928792,0.0274544236812515
45,3,0.0269087499559173,0.0297908332760765
45,4,0.027267956449094,0.032250848947605
45,5,0.0276074811110921,0.0348386967152886
45,6,0.0279267624296628,0.0375577743835973
45,7,0.0282252693925691,0.0404102280555904
45,8,0.0285025025794461,0.0433963986379217
45,9,0.0287579951924863,0.0465141068831942
45,10,0.0289913140230464,0.0497577407130907
45,11,0.029202060352427,0.0531171046051532
45,12,0.0293898707843313,0.0565759889505788
45,13,0.0295544180074125,0.0601104194554625
45,14,0.0296954114858063,0.0636865557837074
45,15,0.0298125980762957,0.0672582288713432
45,16,0.0299057625705266,0.0707641432339957
45,17,0.029974728160953,0.074124831043062
45,18,0.0300193568295407,0.0772395364445133
45,19,0.0300395496581515,0.0799833384695938
45,20,0.0300352470599603,0.0822049921062866
45,21,0.0300064289313401,0.0837261739580316
45,22,0.029953114723525,0.0843430394199604
45,23,0.029875363434554,0.0838311851709572
45,24,0.0448318224501669,0.12712785610881
45,25,0.0604442350253603,0.187223670403029
45,26,0.061305705438723,0.214321078087853
45,27,0.0621309340614954,0.24696116753314
45,28,0.0629187196224964,0.28679551080386
45,29,0.0636679120332667,0.336123456465753
45,30,0.0643774145828916,0.3982124755144
45,31,0.0650461860347758,0.477814396554019
45,32,0.0656732426202329,0.58202391545566
45,33,0.0662576599253106,0.721758586323686
45,34,0.066798574666079,0.914418312694178
45,35,0.0672951863485225,1.18890182189767
45,36,0.0677467588098877,1.59562889628141
45,37,0.068152621637305,2.2280015131254
45,38,0.0685121714611946,3.27246432085392
45,39,0.0688248731202388,5.13866401587823
45,40,0.069090260695539,8.84986730981949
45,41,0.0693079384114653,17.4700659123522
45,42,0.0694775814013456,43.05235013515
45,43,0.0695989363363836,146.822834243726
45,44,0.0775150714528192,85.3932545256927
45,45,0.054036963073618,-628.182178165419
45,46,0.0775150714528159,85.3932545256928
45,47,0.0695989363363838,146.822834243726
45,48,0.0694775814013489,43.05235013515
46,0,0.0253527484988632,0.0213207213957244
46,1,0.0257633726828985,0.0232664647669132
46,2,0.0261561562440328,0.0253099465456362
46,3,0.0265304524928775,0.0274544236812498
46,4,0.0268856417961811,0.0297027443957081
46,5,0.0272211328463967,0.0320571240028658
46,6,0.0275363638772408,0.0345188526552586
46,7,0.0278308038224404,0.0370879184820533
46,8,0.0281039534150371,0.0397625266626364
46,9,0.0283553462246663,0.0425384920895124
46,10,0.0285845496304802,0.0454084807894745
46,11,0.028791165727302,0.0483610738178052
46,12,0.0289748321630218,0.0513796278877293
46,13,0.0291352229053534,0.0544409109852928
46,14,0.0292720489358074,0.0575135006922874
46,15,0.0293850588697785,0.0605559506510497
46,16,0.0294740395006575,0.0635147600545998
46,17,0.0295388162673687,0.0663222263231374
46,18,0.0295792536434108,0.0688943264065899
46,19,0.0295952554473319,0.0711288606062549
46,20,0.0295867650731018,0.0729042046679891
46,21,0.0295537656402832,0.0740791454369392
46,22,0.0294962800634731,0.0744944067938774
46,23,0.0294143710406782,0.0739765754902008
46,24,0.0441403715620215,0.11208497493088
46,25,0.0595477729872546,0.16446075759374
46,26,0.060444235025357,0.187223670403034
46,27,0.0613057054387296,0.214321078087854
46,28,0.0621309340615054,0.246961167533142
46,29,0.0629187196224931,0.286795510803864
46,30,0.0636679120332568,0.336123456465747
46,31,0.0643774145828983,0.398212475514406
46,32,0.0650461860347692,0.477814396554015
46,33,0.0656732426202263,0.582023915455647
46,34,0.0662576599253208,0.721758586323686
46,35,0.0667985746660757,0.914418312694204
46,36,0.0672951863485259,1.18890182189767
46,37,0.0677467588098911,1.5956288962814
46,38,0.0681526216373051,2.22800151312541
46,39,0.0685121714611819,3.27246432085393
46,40,0.0688248731202386,5.13866401587821
46,41,0.0690902606955422,8.84986730981952
46,42,0.0693079384114654,17.4700659123523
46,43,0.0694775814013455,43.0523501351503
46,44,0.0695989363363837,146.822834243726
46,45,0.0775150714528225,85.3932545256928
46,46,0.0540369630736248,-628.18217816542
46,47,0.0775150714528127,85.3932545256926
46,48,0.0695989363363771,146.822834243726
47,0,0.0249679244146457,0.0195809244933339
47,1,0.025374570561158,0.0213817699898897
47,2,0.0257633726828986,0.0232664647669115
47,3,0.0261336830632083,0.0252368859598325
47,4,0.026484881198432,0.0272944165871993
47,5,0.0268163750770723,0.0294397399863264
47,6,0.0271276024044918,0.0316725780231348
47,7,0.0274180317703406,0.0339913607712852
47,8,0.0276871637560205,0.0363928135812416
47,9,0.0279345319795973,0.0388714458887786
47,10,0.0281597040756689,0.041418925068198
47,11,0.0283622826080055,0.0440233186175535
47,12,0.0285419059128508,0.0466681897057016
47,13,0.0286982488705578,0.0493315356534091
47,14,0.0288310236044549,0.0519845676688758
47,15,0.0289399801042771,0.0545903449210646
47,16,0.0290249067738339,0.0571022989922702
47,17,0.0290856309004828,0.0594627182901941
47,18,0.0291220190461894,0.0616013083134689
47,19,0.0291339773585774,0.0634340040108268
47,20,0.0291214518016642,0.0648622839453668
47,21,0.029084428305263,0.0657733177127327
47,22,0.029022932833045,0.0660413569902987
47,23,0.0289370313688234,0.0655308370745921
47,24,0.0434243989020282,0.0992148071815322
47,25,0.0586176160082683,0.145133863240003
47,26,0.0595477729872546,0.164460757593738
47,27,0.0604442350253537,0.187223670403032
47,28,0.0613057054387231,0.214321078087851
47,29,0.0621309340614989,0.246961167533135
47,30,0.0629187196225031,0.28679551080387
47,31,0.0636679120332568,0.336123456465747
47,32,0.0643774145828952,0.398212475514407
47,33,0.0650461860347859,0.477814396554022
47,34,0.0656732426202231,0.582023915455654
47,35,0.0662576599253175,0.72175858632368
47,36,0.0667985746660691,0.914418312694205
47,37,0.0672951863485326,1.18890182189767
47,38,0.0677467588098846,1.59562889628139
47,39,0.0681526216373123,2.22800151312542
47,40,0.0685121714611884,3.27246432085396
47,41,0.0688248731202352,5.13866401587814
47,42,0.0690902606955424,8.84986730981949
47,43,0.0693079384114688,17.4700659123523
47,44,0.0694775814013424,43.0523501351501
47,45,0.0695989363363805,146.822834243726
47,46,0.0775150714528194,85.3932545256926
47,47,0.0540369630736183,-628.182178165419
47,48,0.0775150714528227,85.3932545256928
48,0,0.024565264253415,0.0179130309457999
48,1,0.0249679244146457,0.0195809244933339
48,2,0.0253527484988632,0.0213207213957277
48,3,0.0257190875514325,0.0231332162673931
48,4,0.0260663199686879,0.0250186630983957
48,5,0.0263938527874326,0.0269765900659358
48,6,0.0267011229194661,0.0290055683228995
48,7,0.0269875983285196,0.0311029257116647
48,8,0.027252779146601,0.0332643953473973
48,9,0.0274961987273761,0.035483688288946
48,10,0.0277174246339596,0.0377519793331658
48,11,0.0279160595588975,0.040057295715579
48,12,0.0280917421740693,0.0423838007225056
48,13,0.0282441479087119,0.0447109686535933
48,14,0.028372989653341,0.0470126551761643
48,15,0.0284780183884008,0.0492560790586463
48,16,0.0285590237357115,0.0514007489025813
48,17,0.0286158344315016,0.053397393174606
48,18,0.0286483187201232,0.0551869846654598
48,19,0.0286563846669819,0.0566999917921358
48,20,0.0286399803904345,0.0578560376881344
48,21,0.0285990942117428,0.0585641999695542
48,22,0.0285337547226265,0.0587242317367143
48,23,0.0284440307705202,0.0582290150306434
48,24,0.04268493368868,0.0881044900266006
48,25,0.0576551048307137,0.128564836720416
48,26,0.0586176160082716,0.145133863240004
48,27,0.0595477729872544,0.16446075759374
48,28,0.0604442350253569,0.187223670403029
48,29,0.0613057054387263,0.214321078087858
48,30,0.0621309340614987,0.246961167533137
48,31,0.0629187196224997,0.286795510803864
48,32,0.0636679120332568,0.33612345646575
48,33,0.0643774145828917,0.3982124755144
48,34,0.0650461860347759,0.477814396554025
48,35,0.0656732426202329,0.582023915455647
48,36,0.0662576599253173,0.72175858632368
48,37,0.0667985746660656,0.914418312694198
48,38,0.0672951863485292,1.18890182189767
48,39,0.0677467588098916,1.59562889628141
48,40,0.068152621637302,2.2280015131254
48,41,0.0685121714611947,3.27246432085395
48,42,0.0688248731202351,5.13866401587814
48,43,0.0690902606955422,8.84986730981947
48,44,0.0693079384114687,17.4700659123522
48,45,0.0694775814013422,43.0523501351501
48,46,0.0695989363363804,146.822834243726
48,47,0.0775150714528227,85.3932545256928
48,48,0.0540369630736181,-628.182178165419
