m,n,Re_Z,Im_Z
0,0,0.0696961292194628,-627.019614212324
0,1,0.0696718219160635,84.8114858798929
0,2,0.0695989363363939,146.822834243726
0,3,0.0694775814013456,43.0523501351503
0,4,0.0693079384114653,17.4700659123522
0,5,0.0690902606955422,8.84986730981945
0,6,0.0688248731202317,5.1386640158782
0,7,0.0685121714612047,3.27246432085393
0,8,0.0681526216372852,2.2280015131254
0,9,0.0677467588099044,1.59562889628139
0,10,0.0672951863485259,1.18890182189769
0,11,0.066798574666069,0.914418312694205
0,12,0.066257659925314,0.721758586323673
0,13,0.065673242620233,0.582023915455657
0,14,0.0650461860347758,0.477814396554019
0,15,0.0643774145828884,0.3982124755144
0,16,0.0636679120332667,0.336123456465757
0,17,0.0629187196224897,0.286795510803857
0,18,0.0621309340615054,0.24696116753314
0,19,0.0613057054387297,0.214321078087853
0,20,0.0604442350253536,0.187223670403037
0,21,0.0595477729872477,0.164460757593733
0,22,0.0586176160082847,0.145133863240004
0,23,0.0576551048306936,0.128564836720417
0,24,0.0566616217178266,0.114234877711067
0,25,0.0556385878441624,0.101742180305301
0,26,0.0545874606194994,0.0907720216551272
0,27,0.0535097309516598,0.0810753176634692
0,28,0.0524069204551445,0.0724530344004772
0,29,0.051280578610494,0.064744710560236
0,30,0.0501322798814274,0.057819906369162
0,31,0.0489636207954093,0.0515717625923989
0,32,0.0477762169942794,0.0459120992446895
0,33,0.0465717002609675,0.0407676503308
0,34,0.0453517155289955,0.0360771455008194
0,35,0.0441179178808255,0.0317890292333661
0,36,0.0428719695416313,0.0278596643114553
0,37,0.0416155368748075,0.0242519063450695
0,38,0.0403502873855758,0.0209339648745167
0,39,0.0390778867389595,0.0178784875050322
0,40,0.0377999957984105,0.0150618188678821
0,41,0.0365182676912477,0.0124633975574111
0,42,0.0352343449070016,0.0100652626673848
0,43,0.0339498564346361,0.0078516479216706
0,44,0.0326664149446544,0.00580864622291188
0,45,0.0313856140215276,0.00392393112685099
0,46,0.0301090254525593,0.00218652458075039
0,47,0.0288381965781263,0.000586602452014674
0,48,0.0275746477089723,-0.000884668923884897
1,0,0.0696718219160768,84.8114858798929
1,1,0.0696961292194628,-627.019614212324
1,2,0.0696718219160671,84.8114858798931
1,3,0.0695989363363937,146.822834243726
1,4,0.0694775814013422,43.0523501351501
1,5,0.0693079384114653,17.4700659123522
1,6,0.0690902606955422,8.84986730981945
1,7,0.0688248731202317,5.1386640158782
1,8,0.0685121714612014,3.27246432085396
1,9,0.0681526216372884,2.22800151312537
1,10,0.0677467588099011,1.5956288962814
1,11,0.0672951863485192,1.18890182189769
1,12,0.066798574666079,0.914418312694204
1,13,0.0662576599253174,0.72175858632368
1,14,0.0656732426202296,0.582023915455654
1,15,0.0650461860347758,0.477814396554019
1,16,0.0643774145828884,0.3982124755144
1,17,0.0636679120332667,0.336123456465757
1,18,0.0629187196224897,0.286795510803857
1,19,0.0621309340615022,0.246961167533142
1,20,0.0613057054387264,0.214321078087853
1,21,0.0604442350253602,0.187223670403035
1,22,0.0595477729872477,0.164460757593733
1,23,0.0586176160082847,0.145133863240004
1,24,0.0576551048306936,0.128564836720417
1,25,0.0566616217178301,0.114234877711067
1,26,0.0556385878441658,0.101742180305301
1,27,0.0545874606194926,0.0907720216551276
1,28,0.0535097309516597,0.0810753176634692
1,29,0.0524069204551445,0.0724530344004772
1,30,0.0512805786104939,0.064744710560236
1,31,0.0501322798814274,0.057819906369162
1,32,0.0489636207954093,0.0515717625923989
1,33,0.0477762169942794,0.0459120992446895
1,34,0.0465717002609675,0.0407676503308
1,35,0.0453517155289955,0.0360771455008194
1,36,0.0441179178808255,0.0317890292333661
1,37,0.0428719695416313,0.0278596643114553
1,38,0.0416155368748075,0.0242519063450695
1,39,0.0403502873855742,0.0209339648745132
1,40,0.0390778867389594,0.0178784875050339
1,41,0.0377999957984121,0.0150618188678839
1,42,0.0365182676912477,0.0124633975574111
1,43,0.0352343449070016,0.0100652626673848
1,44,0.0339498564346361,0.0078516479216706
1,45,0.0326664149446544,0.00580864622291188
1,46,0.0313856140215276,0.00392393112685099
1,47,0.0301090254525593,0.00218652458075039
1,48,0.0288381965781263,0.000586602452014674
2,0,0.0695989363363806,146.822834243726
2,1,0.069671821916077,84.811485879893
2,2,0.0696961292194632,-627.019614212324
2,3,0.0696718219160638,84.8114858798929
2,4,0.0695989363363939,146.822834243726
2,5,0.0694775814013458,43.0523501351501
2,6,0.0693079384114656,17.4700659123523
2,7,0.0690902606955424,8.84986730981946
2,8,0.0688248731202353,5.13866401587821
2,9,0.0685121714611949,3.27246432085393
2,10,0.0681526216372954,2.22800151312541
2,11,0.0677467588099013,1.59562889628139
2,12,0.0672951863485228,1.18890182189767
2,13,0.0667985746660726,0.914418312694212
2,14,0.0662576599253175,0.72175858632368
2,15,0.0656732426202265,0.582023915455654
2,16,0.0650461860347793,0.477814396554012
2,17,0.0643774145828919,0.3982124755144
2,18,0.0636679120332636,0.33612345646576
2,19,0.0629187196224967,0.28679551080386
2,20,0.0621309340614957,0.246961167533132
2,21,0.0613057054387264,0.214321078087858
2,22,0.0604442350253637,0.187223670403035
2,23,0.0595477729872413,0.164460757593736
2,24,0.0586176160082882,0.145133863240002
2,25,0.0576551048306972,0.128564836720416
2,26,0.0566616217178169,0.114234877711069
2,27,0.0556385878441725,0.101742180305301
2,28,0.0545874606194894,0.0907720216551273
2,29,0.0535097309516632,0.0810753176634686
2,30,0.052406920455148,0.0724530344004783
2,31,0.0512805786104941,0.0647447105602351
2,32,0.0501322798814275,0.0578199063691632
2,33,0.0489636207954095,0.051571762592398
2,34,0.0477762169942795,0.0459120992446903
2,35,0.0465717002609627,0.0407676503307991
2,36,0.0453517155289989,0.0360771455008193
2,37,0.0441179178808273,0.0317890292333652
2,38,0.0428719695416313,0.0278596643114578
2,39,0.0416155368748127,0.0242519063450726
2,40,0.0403502873855709,0.0209339648745099
2,41,0.0390778867389578,0.0178784875050356
2,42,0.0377999957984105,0.0150618188678821
2,43,0.0365182676912462,0.0124633975574127
2,44,0.0352343449070017,0.0100652626673847
2,45,0.033949856434637,0.00785164792167052
2,46,0.0326664149446537,0.00580864622291016
2,47,0.0313856140215285,0.00392393112685091
2,48,0.0301090254525593,0.00218652458075031
3,0,0.069477581401349,43.0523501351502
3,1,0.0695989363363805,146.822834243726
3,2,0.0696718219160771,84.8114858798929
3,3,0.0696961292194629,-627.019614212325
3,4,0.0696718219160669,84.8114858798932
3,5,0.0695989363363937,146.822834243726
3,6,0.0694775814013423,43.0523501351502
3,7,0.0693079384114654,17.4700659123523
3,8,0.0690902606955423,8.84986730981946
3,9,0.0688248731202351,5.13866401587822
3,10,0.0685121714611948,3.27246432085393
3,11,0.0681526216372919,2.22800151312541
3,12,0.0677467588098979,1.5956288962814
3,13,0.0672951863485227,1.18890182189767
3,14,0.0667985746660757,0.914418312694198
3,15,0.0662576599253274,0.72175858632368
3,16,0.065673242620223,0.58202391545566
3,17,0.0650461860347726,0.477814396554015
3,18,0.0643774145828918,0.3982124755144
3,19,0.0636679120332636,0.33612345646576
3,20,0.0629187196224966,0.286795510803864
3,21,0.0621309340615021,0.246961167533137
3,22,0.0613057054387197,0.214321078087854
3,23,0.0604442350253636,0.187223670403032
3,24,0.0595477729872478,0.16446075759374
3,25,0.0586176160082716,0.145133863240001
3,26,0.0576551048307071,0.128564836720419
3,27,0.0566616217178234,0.114234877711067
3,28,0.0556385878441723,0.101742180305302
3,29,0.0545874606194894,0.0907720216551288
3,30,0.0535097309516565,0.0810753176634659
3,31,0.0524069204551512,0.0724530344004801
3,32,0.051280578610494,0.0647447105602335
3,33,0.0501322798814275,0.0578199063691653
3,34,0.0489636207954094,0.0515717625923972
3,35,0.0477762169942761,0.0459120992446886
3,36,0.0465717002609659,0.0407676503308025
3,37,0.0453517155289922,0.0360771455008177
3,38,0.0441179178808306,0.0317890292333636
3,39,0.0428719695416298,0.0278596643114569
3,40,0.0416155368748142,0.0242519063450761
3,41,0.0403502873855724,0.0209339648745083
3,42,0.0390778867389594,0.0178784875050357
3,43,0.0377999957984088,0.0150618188678822
3,44,0.0365182676912478,0.0124633975574111
3,45,0.035234344907,0.0100652626673831
3,46,0.0339498564346411,0.0078516479216739
3,47,0.0326664149446511,0.00580864622291186
3,48,0.0313856140215293,0.00392393112685263
4,0,0.0693079384114653,17.4700659123523
4,1,0.0694775814013489,43.0523501351501
4,2,0.0695989363363806,146.822834243726
4,3,0.0696718219160769,84.8114858798932
4,4,0.0696961292194628,-627.019614212324
4,5,0.0696718219160635,84.8114858798929
4,6,0.069598936336397,146.822834243726
4,7,0.0694775814013422,43.0523501351502
4,8,0.0693079384114654,17.4700659123523
4,9,0.0690902606955455,8.84986730981945
4,10,0.0688248731202317,5.13866401587817
4,11,0.0685121714611981,3.27246432085399
4,12,0.0681526216372885,2.22800151312539
4,13,0.0677467588099046,1.59562889628141
4,14,0.0672951863485192,1.18890182189768
4,15,0.066798574666069,0.914418312694198
4,16,0.0662576599253273,0.72175858632368
4,17,0.0656732426202263,0.582023915455657
4,18,0.0650461860347758,0.477814396554012
4,19,0.0643774145828918,0.398212475514403
4,20,0.0636679120332635,0.336123456465757
4,21,0.0629187196224897,0.286795510803857
4,22,0.0621309340615054,0.24696116753314
4,23,0.0613057054387263,0.214321078087854
4,24,0.0604442350253535,0.18722367040303
4,25,0.0595477729872578,0.164460757593743
4,26,0.0586176160082782,0.145133863239999
4,27,0.0576551048306936,0.128564836720417
4,28,0.0566616217178266,0.114234877711067
4,29,0.055638587844169,0.101742180305301
4,30,0.0545874606194926,0.0907720216551304
4,31,0.0535097309516531,0.0810753176634644
4,32,0.0524069204551512,0.072453034400481
4,33,0.051280578610494,0.0647447105602319
4,34,0.0501322798814274,0.0578199063691645
4,35,0.048963620795416,0.0515717625924005
4,36,0.0477762169942694,0.0459120992446853
4,37,0.0465717002609709,0.040767650330805
4,38,0.0453517155289888,0.0360771455008169
4,39,0.0441179178808307,0.0317890292333643
4,40,0.042871969541628,0.0278596643114553
4,41,0.0416155368748141,0.0242519063450745
4,42,0.0403502873855724,0.02093396487451
4,43,0.039077886738961,0.017878487505034
4,44,0.0377999957984088,0.0150618188678839
4,45,0.0365182676912478,0.0124633975574128
4,46,0.0352343449069967,0.0100652626673814
4,47,0.0339498564346427,0.00785164792167226
4,48,0.0326664149446503,0.00580864622291023
5,0,0.0690902606955422,8.84986730981943
5,1,0.0693079384114653,17.4700659123523
5,2,0.0694775814013491,43.0523501351501
5,3,0.0695989363363805,146.822834243726
5,4,0.0696718219160768,84.8114858798929
5,5,0.0696961292194628,-627.019614212324
5,6,0.0696718219160635,84.8114858798929
5,7,0.069598936336397,146.822834243726
5,8,0.0694775814013423,43.0523501351501
5,9,0.0693079384114653,17.4700659123523
5,10,0.0690902606955422,8.84986730981948
5,11,0.0688248731202351,5.13866401587816
5,12,0.0685121714611981,3.27246432085396
5,13,0.0681526216372886,2.2280015131254
5,14,0.0677467588099044,1.5956288962814
5,15,0.0672951863485192,1.18890182189768
5,16,0.066798574666069,0.914418312694198
5,17,0.0662576599253273,0.72175858632368
5,18,0.0656732426202263,0.582023915455657
5,19,0.0650461860347726,0.477814396554012
5,20,0.0643774145828918,0.398212475514403
5,21,0.0636679120332667,0.336123456465757
5,22,0.0629187196224897,0.286795510803857
5,23,0.0621309340615054,0.24696116753314
5,24,0.0613057054387263,0.214321078087854
5,25,0.0604442350253536,0.187223670403029
5,26,0.0595477729872512,0.16446075759374
5,27,0.0586176160082847,0.145133863240004
5,28,0.0576551048306936,0.128564836720417
5,29,0.0566616217178267,0.114234877711067
5,30,0.055638587844169,0.101742180305301
5,31,0.0545874606194926,0.0907720216551304
5,32,0.0535097309516531,0.0810753176634644
5,33,0.0524069204551512,0.072453034400481
5,34,0.051280578610494,0.0647447105602319
5,35,0.0501322798814274,0.0578199063691645
5,36,0.048963620795416,0.0515717625924005
5,37,0.0477762169942694,0.0459120992446853
5,38,0.0465717002609709,0.040767650330805
5,39,0.045351715528994,0.0360771455008168
5,40,0.0441179178808289,0.0317890292333669
5,41,0.0428719695416246,0.0278596643114528
5,42,0.0416155368748141,0.0242519063450745
5,43,0.0403502873855724,0.02093396487451
5,44,0.039077886738961,0.017878487505034
5,45,0.0377999957984088,0.0150618188678839
5,46,0.0365182676912478,0.0124633975574128
5,47,0.0352343449069967,0.0100652626673814
5,48,0.0339498564346427,0.00785164792167226
6,0,0.0688248731202317,5.1386640158782
6,1,0.0690902606955422,8.84986730981943
6,2,0.0693079384114656,17.4700659123523
6,3,0.069477581401349,43.0523501351502
6,4,0.0695989363363803,146.822834243726
6,5,0.0696718219160768,84.8114858798929
6,6,0.0696961292194628,-627.019614212324
6,7,0.0696718219160635,84.8114858798929
6,8,0.0695989363363904,146.822834243726
6,9,0.0694775814013489,43.0523501351502
6,10,0.0693079384114654,17.4700659123523
6,11,0.0690902606955422,8.84986730981949
6,12,0.0688248731202351,5.13866401587818
6,13,0.0685121714612014,3.27246432085393
6,14,0.0681526216372851,2.2280015131254
6,15,0.0677467588099044,1.5956288962814
6,16,0.0672951863485192,1.18890182189768
6,17,0.066798574666069,0.914418312694198
6,18,0.0662576599253273,0.72175858632368
6,19,0.0656732426202231,0.582023915455654
6,20,0.0650461860347793,0.477814396554019
6,21,0.0643774145828884,0.3982124755144
6,22,0.0636679120332667,0.336123456465757
6,23,0.0629187196224897,0.286795510803857
6,24,0.0621309340615054,0.24696116753314
6,25,0.0613057054387297,0.214321078087853
6,26,0.0604442350253536,0.187223670403037
6,27,0.0595477729872477,0.164460757593733
6,28,0.0586176160082847,0.145133863240004
6,29,0.0576551048306936,0.128564836720417
6,30,0.0566616217178266,0.114234877711067
6,31,0.055638587844169,0.101742180305301
6,32,0.0545874606194926,0.0907720216551304
6,33,0.0535097309516531,0.0810753176634644
6,34,0.0524069204551512,0.072453034400481
6,35,0.051280578610494,0.0647447105602319
6,36,0.0501322798814274,0.0578199063691645
6,37,0.048963620795416,0.0515717625924005
6,38,0.0477762169942694,0.0459120992446853
6,39,0.0465717002609677,0.0407676503308032
6,40,0.0453517155289922,0.036077145500816
6,41,0.0441179178808338,0.0317890292333694
6,42,0.0428719695416246,0.0278596643114528
6,43,0.0416155368748141,0.0242519063450745
6,44,0.0403502873855724,0.02093396487451
6,45,0.039077886738961,0.017878487505034
6,46,0.0377999957984088,0.0150618188678839
6,47,0.0365182676912478,0.0124633975574128
6,48,0.0352343449069967,0.0100652626673814
7,0,0.068512171461198,3.27246432085393
7,1,0.0688248731202317,5.1386640158782
7,2,0.0690902606955457,8.84986730981943
7,3,0.0693079384114621,17.4700659123523
7,4,0.0694775814013489,43.0523501351502
7,5,0.0695989363363803,146.822834243726
7,6,0.0696718219160768,84.8114858798929
7,7,0.0696961292194628,-627.019614212324
7,8,0.0696718219160702,84.8114858798926
7,9,0.0695989363363837,146.822834243726
7,10,0.0694775814013489,43.0523501351503
7,11,0.0693079384114654,17.4700659123523
7,12,0.0690902606955422,8.84986730981948
7,13,0.0688248731202318,5.13866401587818
7,14,0.0685121714612047,3.27246432085393
7,15,0.0681526216372851,2.2280015131254
7,16,0.0677467588099044,1.5956288962814
7,17,0.0672951863485192,1.18890182189768
7,18,0.066798574666069,0.914418312694198
7,19,0.0662576599253275,0.721758586323686
7,20,0.0656732426202264,0.582023915455654
7,21,0.0650461860347758,0.477814396554019
7,22,0.0643774145828884,0.3982124755144
7,23,0.0636679120332667,0.336123456465757
7,24,0.0629187196224897,0.286795510803857
7,25,0.0621309340615022,0.246961167533142
7,26,0.0613057054387264,0.214321078087853
7,27,0.0604442350253602,0.187223670403035
7,28,0.0595477729872477,0.164460757593733
7,29,0.0586176160082847,0.145133863240004
7,30,0.0576551048306936,0.128564836720417
7,31,0.0566616217178266,0.114234877711067
7,32,0.055638587844169,0.101742180305301
7,33,0.0545874606194926,0.0907720216551304
7,34,0.0535097309516531,0.0810753176634644
7,35,0.0524069204551512,0.072453034400481
7,36,0.051280578610494,0.0647447105602319
7,37,0.0501322798814274,0.0578199063691645
7,38,0.048963620795416,0.0515717625924005
7,39,0.0477762169942729,0.0459120992446878
7,40,0.0465717002609693,0.0407676503308024
7,41,0.0453517155289905,0.0360771455008144
7,42,0.0441179178808338,0.0317890292333694
7,43,0.0428719695416246,0.0278596643114528
7,44,0.0416155368748141,0.0242519063450745
7,45,0.0403502873855724,0.02093396487451
7,46,0.039077886738961,0.017878487505034
7,47,0.0377999957984088,0.0150618188678839
7,48,0.0365182676912478,0.0124633975574128
8,0,0.0681526216372985,2.22800151312538
8,1,0.0685121714611981,3.27246432085396
8,2,0.068824873120232,5.13866401587819
8,3,0.0690902606955423,8.84986730981948
8,4,0.0693079384114654,17.4700659123523
8,5,0.069477581401349,43.0523501351501
8,6,0.0695989363363804,146.822834243726
8,7,0.0696718219160769,84.8114858798926
8,8,0.0696961292194629,-627.019614212323
8,9,0.0696718219160702,84.8114858798924
8,10,0.0695989363363904,146.822834243726
8,11,0.0694775814013424,43.0523501351502
8,12,0.0693079384114655,17.4700659123522
8,13,0.0690902606955424,8.84986730981946
8,14,0.0688248731202317,5.1386640158782
8,15,0.0685121714612048,3.27246432085393
8,16,0.0681526216372852,2.2280015131254
8,17,0.0677467588099045,1.59562889628141
8,18,0.0672951863485193,1.18890182189768
8,19,0.0667985746660759,0.914418312694198
8,20,0.0662576599253175,0.72175858632368
8,21,0.0656732426202297,0.582023915455654
8,22,0.0650461860347759,0.477814396554019
8,23,0.0643774145828984,0.398212475514403
8,24,0.0636679120332568,0.33612345646576
8,25,0.0629187196224932,0.28679551080386
8,26,0.0621309340615022,0.246961167533128
8,27,0.061305705438723,0.214321078087859
8,28,0.0604442350253602,0.187223670403034
8,29,0.0595477729872478,0.164460757593733
8,30,0.0586176160082848,0.145133863240007
8,31,0.057655104830697,0.128564836720417
8,32,0.0566616217178234,0.114234877711066
8,33,0.0556385878441691,0.101742180305301
8,34,0.0545874606194927,0.0907720216551299
8,35,0.0535097309516598,0.0810753176634651
8,36,0.0524069204551446,0.0724530344004812
8,37,0.051280578610494,0.0647447105602327
8,38,0.0501322798814275,0.0578199063691628
8,39,0.0489636207954129,0.0515717625923988
8,40,0.0477762169942762,0.0459120992446878
8,41,0.0465717002609692,0.0407676503308041
8,42,0.0453517155289888,0.0360771455008143
8,43,0.0441179178808339,0.0317890292333694
8,44,0.0428719695416296,0.0278596643114528
8,45,0.0416155368748092,0.0242519063450744
8,46,0.0403502873855724,0.02093396487451
8,47,0.0390778867389611,0.017878487505034
8,48,0.0377999957984088,0.0150618188678839
9,0,0.0677467588098978,1.59562889628142
9,1,0.0681526216372984,2.22800151312536
9,2,0.0685121714611916,3.27246432085396
9,3,0.0688248731202384,5.1386640158782
9,4,0.0690902606955422,8.84986730981945
9,5,0.0693079384114653,17.4700659123523
9,6,0.0694775814013489,43.0523501351503
9,7,0.0695989363363803,146.822834243726
9,8,0.0696718219160769,84.8114858798924
9,9,0.0696961292194628,-627.019614212324
9,10,0.0696718219160668,84.811485879893
9,11,0.069598936336387,146.822834243726
9,12,0.0694775814013489,43.0523501351501
9,13,0.0693079384114655,17.4700659123522
9,14,0.0690902606955422,8.84986730981943
9,15,0.0688248731202317,5.1386640158782
9,16,0.0685121714612047,3.27246432085393
9,17,0.0681526216372851,2.2280015131254
9,18,0.0677467588099044,1.59562889628141
9,19,0.0672951863485194,1.18890182189767
9,20,0.0667985746660724,0.914418312694218
9,21,0.0662576599253206,0.721758586323666
9,22,0.0656732426202296,0.582023915455654
9,23,0.0650461860347658,0.477814396554015
9,24,0.0643774145829083,0.3982124755144
9,25,0.0636679120332568,0.336123456465753
9,26,0.0629187196224965,0.286795510803874
9,27,0.0621309340614987,0.246961167533123
9,28,0.0613057054387229,0.214321078087861
9,29,0.0604442350253602,0.187223670403034
9,30,0.0595477729872477,0.164460757593731
9,31,0.0586176160082814,0.145133863240007
9,32,0.0576551048307002,0.128564836720417
9,33,0.0566616217178233,0.114234877711066
9,34,0.055638587844169,0.101742180305301
9,35,0.054587460619486,0.0907720216551295
9,36,0.0535097309516664,0.0810753176634649
9,37,0.0524069204551445,0.0724530344004808
9,38,0.051280578610494,0.0647447105602343
9,39,0.0501322798814276,0.0578199063691632
9,40,0.0489636207954194,0.051571762592403
9,41,0.0477762169942694,0.0459120992446828
9,42,0.0465717002609708,0.0407676503308041
9,43,0.0453517155289888,0.0360771455008144
9,44,0.0441179178808288,0.0317890292333694
9,45,0.0428719695416346,0.0278596643114528
9,46,0.0416155368748091,0.0242519063450745
9,47,0.0403502873855724,0.02093396487451
9,48,0.039077886738961,0.017878487505034
10,0,0.0672951863485192,1.18890182189769
10,1,0.0677467588098945,1.59562889628141
10,2,0.0681526216373053,2.22800151312541
10,3,0.0685121714611881,3.27246432085393
10,4,0.0688248731202351,5.1386640158782
10,5,0.0690902606955422,8.84986730981945
10,6,0.0693079384114654,17.4700659123523
10,7,0.0694775814013489,43.0523501351503
10,8,0.0695989363363805,146.822834243726
10,9,0.0696718219160768,84.8114858798929
10,10,0.0696961292194661,-627.019614212325
10,11,0.0696718219160669,84.8114858798932
10,12,0.0695989363363904,146.822834243726
10,13,0.0694775814013424,43.0523501351501
10,14,0.0693079384114654,17.4700659123523
10,15,0.0690902606955422,8.84986730981943
10,16,0.0688248731202317,5.13866401587821
10,17,0.0685121714612014,3.27246432085393
10,18,0.0681526216372885,2.2280015131254
10,19,0.0677467588099046,1.59562889628142
10,20,0.0672951863485227,1.18890182189765
10,21,0.0667985746660723,0.914418312694224
10,22,0.0662576599253174,0.72175858632368
10,23,0.0656732426202329,0.58202391545565
10,24,0.0650461860347658,0.477814396554019
10,25,0.0643774145829018,0.398212475514403
10,26,0.0636679120332502,0.336123456465743
10,27,0.0629187196225031,0.286795510803874
10,28,0.0621309340614987,0.246961167533125
10,29,0.0613057054387263,0.214321078087859
10,30,0.0604442350253635,0.187223670403037
10,31,0.0595477729872444,0.164460757593735
10,32,0.0586176160082814,0.145133863240002
10,33,0.0576551048307003,0.128564836720417
10,34,0.0566616217178233,0.114234877711067
10,35,0.055638587844169,0.101742180305303
10,36,0.054587460619486,0.0907720216551302
10,37,0.0535097309516631,0.0810753176634644
10,38,0.0524069204551479,0.0724530344004806
10,39,0.0512805786104975,0.0647447105602347
10,40,0.0501322798814209,0.0578199063691599
10,41,0.0489636207954193,0.0515717625924063
10,42,0.0477762169942727,0.0459120992446845
10,43,0.0465717002609725,0.0407676503308033
10,44,0.0453517155289905,0.0360771455008144
10,45,0.0441179178808239,0.0317890292333686
10,46,0.0428719695416346,0.0278596643114537
10,47,0.0416155368748091,0.0242519063450745
10,48,0.0403502873855758,0.02093396487451
11,0,0.0667985746660723,0.914418312694198
11,1,0.0672951863485259,1.18890182189769
11,2,0.0677467588098914,1.59562889628139
11,3,0.0681526216372985,2.2280015131254
11,4,0.0685121714611981,3.27246432085396
11,5,0.0688248731202351,5.13866401587818
11,6,0.0690902606955422,8.84986730981949
11,7,0.0693079384114654,17.4700659123523
11,8,0.069477581401349,43.0523501351502
11,9,0.0695989363363804,146.822834243726
11,10,0.0696718219160702,84.8114858798931
11,11,0.0696961292194695,-627.019614212325
11,12,0.0696718219160636,84.8114858798935
11,13,0.0695989363363905,146.822834243726
11,14,0.0694775814013489,43.0523501351501
11,15,0.0693079384114654,17.4700659123523
11,16,0.0690902606955422,8.84986730981945
11,17,0.0688248731202351,5.13866401587818
11,18,0.0685121714611981,3.27246432085396
11,19,0.068152621637282,2.22800151312539
11,20,0.0677467588099079,1.59562889628141
11,21,0.0672951863485192,1.18890182189767
11,22,0.066798574666079,0.914418312694198
11,23,0.066257659925314,0.72175858632368
11,24,0.0656732426202296,0.58202391545566
11,25,0.0650461860347727,0.477814396554022
11,26,0.0643774145828985,0.398212475514397
11,27,0.0636679120332601,0.33612345646575
11,28,0.0629187196224964,0.28679551080387
11,29,0.0621309340615021,0.246961167533133
11,30,0.0613057054387197,0.214321078087853
11,31,0.0604442350253602,0.187223670403032
11,32,0.0595477729872511,0.164460757593741
11,33,0.0586176160082715,0.145133863240001
11,34,0.0576551048307069,0.128564836720419
11,35,0.0566616217178267,0.114234877711066
11,36,0.055638587844169,0.101742180305301
11,37,0.0545874606194893,0.0907720216551299
11,38,0.0535097309516565,0.0810753176634654
11,39,0.0524069204551448,0.0724530344004814
11,40,0.0512805786104941,0.0647447105602339
11,41,0.0501322798814274,0.0578199063691591
11,42,0.048963620795416,0.0515717625924022
11,43,0.047776216994276,0.0459120992446886
11,44,0.0465717002609676,0.0407676503308025
11,45,0.0453517155289955,0.0360771455008177
11,46,0.0441179178808239,0.0317890292333661
11,47,0.0428719695416329,0.0278596643114536
11,48,0.0416155368748075,0.0242519063450728
12,0,0.0662576599253174,0.721758586323673
12,1,0.0667985746660723,0.914418312694204
12,2,0.0672951863485294,1.18890182189767
12,3,0.0677467588098946,1.59562889628141
12,4,0.0681526216372918,2.22800151312538
12,5,0.0685121714611947,3.27246432085396
12,6,0.0688248731202351,5.13866401587818
12,7,0.0690902606955422,8.84986730981945
12,8,0.0693079384114655,17.4700659123523
12,9,0.0694775814013489,43.05235013515
12,10,0.0695989363363871,146.822834243726
12,11,0.0696718219160702,84.8114858798935
12,12,0.0696961292194695,-627.019614212325
12,13,0.0696718219160636,84.811485879893
12,14,0.0695989363363904,146.822834243726
12,15,0.0694775814013422,43.0523501351502
12,16,0.0693079384114654,17.4700659123523
12,17,0.0690902606955422,8.84986730981947
12,18,0.0688248731202317,5.13866401587818
12,19,0.0685121714612082,3.27246432085395
12,20,0.068152621637282,2.22800151312541
12,21,0.0677467588099045,1.59562889628139
12,22,0.0672951863485192,1.18890182189769
12,23,0.0667985746660757,0.914418312694205
12,24,0.0662576599253174,0.721758586323673
12,25,0.0656732426202298,0.582023915455657
12,26,0.0650461860347793,0.477814396554025
12,27,0.0643774145828884,0.3982124755144
12,28,0.06366791203326,0.336123456465753
12,29,0.0629187196224964,0.28679551080386
12,30,0.0621309340614988,0.24696116753314
12,31,0.0613057054387296,0.214321078087853
12,32,0.0604442350253536,0.18722367040303
12,33,0.0595477729872611,0.164460757593743
12,34,0.0586176160082681,0.145133863239998
12,35,0.0576551048307036,0.128564836720418
12,36,0.0566616217178233,0.114234877711067
12,37,0.055638587844169,0.101742180305302
12,38,0.0545874606194927,0.0907720216551291
12,39,0.05350973095166,0.081075317663464
12,40,0.0524069204551447,0.0724530344004814
12,41,0.0512805786104973,0.0647447105602356
12,42,0.0501322798814274,0.0578199063691628
12,43,0.0489636207954094,0.051571762592398
12,44,0.047776216994276,0.0459120992446886
12,45,0.0465717002609692,0.0407676503308008
12,46,0.0453517155289972,0.0360771455008185
12,47,0.0441179178808255,0.0317890292333661
12,48,0.0428719695416296,0.0278596643114561
13,0,0.0656732426202264,0.58202391545566
13,1,0.0662576599253208,0.72175858632368
13,2,0.066798574666066,0.914418312694212
13,3,0.0672951863485261,1.18890182189767
13,4,0.0677467588099012,1.59562889628141
13,5,0.0681526216372985,2.22800151312539
13,6,0.0685121714611948,3.27246432085393
13,7,0.0688248731202318,5.13866401587821
13,8,0.0690902606955424,8.8498673098194
13,9,0.0693079384114655,17.4700659123523
13,10,0.0694775814013424,43.0523501351501
13,11,0.0695989363363872,146.822834243726
13,12,0.0696718219160703,84.8114858798929
13,13,0.0696961292194696,-627.019614212324
13,14,0.0696718219160636,84.8114858798929
13,15,0.0695989363363971,146.822834243726
13,16,0.0694775814013423,43.0523501351502
13,17,0.0693079384114655,17.4700659123523
13,18,0.0690902606955456,8.84986730981947
13,19,0.0688248731202286,5.1386640158782
13,20,0.0685121714612049,3.27246432085395
13,21,0.0681526216372852,2.22800151312541
13,22,0.0677467588099012,1.59562889628139
13,23,0.0672951863485193,1.18890182189768
13,24,0.0667985746660757,0.914418312694198
13,25,0.0662576599253209,0.72175858632368
13,26,0.0656732426202265,0.582023915455657
13,27,0.0650461860347759,0.477814396554019
13,28,0.0643774145828951,0.3982124755144
13,29,0.0636679120332602,0.336123456465757
13,30,0.0629187196224965,0.286795510803857
13,31,0.0621309340615022,0.246961167533142
13,32,0.0613057054387264,0.214321078087855
13,33,0.0604442350253536,0.187223670403029
13,34,0.0595477729872578,0.164460757593741
13,35,0.0586176160082649,0.145133863239999
13,36,0.057655104830707,0.128564836720419
13,37,0.0566616217178267,0.114234877711067
13,38,0.0556385878441691,0.101742180305302
13,39,0.0545874606194863,0.0907720216551298
13,40,0.0535097309516666,0.081075317663467
13,41,0.0524069204551413,0.0724530344004774
13,42,0.051280578610494,0.0647447105602351
13,43,0.0501322798814275,0.057819906369162
13,44,0.0489636207954127,0.0515717625923989
13,45,0.0477762169942761,0.0459120992446886
13,46,0.0465717002609659,0.0407676503308008
13,47,0.0453517155289955,0.0360771455008193
13,48,0.0441179178808272,0.0317890292333652
14,0,0.0650461860347858,0.477814396554012
14,1,0.0656732426202196,0.582023915455657
14,2,0.0662576599253208,0.72175858632368
14,3,0.0667985746660757,0.914418312694191
14,4,0.0672951863485192,1.18890182189768
14,5,0.0677467588098978,1.59562889628142
14,6,0.0681526216372984,2.22800151312538
14,7,0.068512171461198,3.27246432085393
14,8,0.0688248731202318,5.13866401587821
14,9,0.0690902606955422,8.84986730981941
14,10,0.0693079384114654,17.4700659123523
14,11,0.0694775814013489,43.0523501351501
14,12,0.0695989363363804,146.822834243726
14,13,0.0696718219160769,84.8114858798929
14,14,0.0696961292194628,-627.019614212324
14,15,0.0696718219160635,84.8114858798929
14,16,0.069598936336397,146.822834243726
14,17,0.0694775814013422,43.0523501351502
14,18,0.0693079384114653,17.4700659123523
14,19,0.0690902606955423,8.84986730981948
14,20,0.0688248731202319,5.1386640158782
14,21,0.0685121714612047,3.27246432085393
14,22,0.0681526216372851,2.2280015131254
14,23,0.0677467588099044,1.5956288962814
14,24,0.0672951863485192,1.18890182189768
14,25,0.0667985746660758,0.914418312694191
14,26,0.0662576599253175,0.721758586323693
14,27,0.0656732426202296,0.582023915455654
14,28,0.0650461860347758,0.477814396554019
14,29,0.0643774145828884,0.3982124755144
14,30,0.0636679120332667,0.336123456465757
14,31,0.0629187196224897,0.286795510803857
14,32,0.0621309340615054,0.24696116753314
14,33,0.0613057054387263,0.214321078087854
14,34,0.0604442350253535,0.18722367040303
14,35,0.059547772987261,0.164460757593741
14,36,0.0586176160082648,0.145133863239998
14,37,0.0576551048307036,0.128564836720419
14,38,0.0566616217178266,0.114234877711067
14,39,0.0556385878441693,0.101742180305301
14,40,0.0545874606194928,0.0907720216551287
14,41,0.0535097309516598,0.0810753176634692
14,42,0.0524069204551445,0.0724530344004772
14,43,0.0512805786104939,0.064744710560236
14,44,0.0501322798814274,0.057819906369162
14,45,0.0489636207954093,0.0515717625923989
14,46,0.0477762169942794,0.0459120992446895
14,47,0.0465717002609675,0.0407676503308
14,48,0.0453517155289955,0.0360771455008194
15,0,0.064377414582885,0.398212475514403
15,1,0.0650461860347858,0.477814396554012
15,2,0.0656732426202231,0.582023915455657
15,3,0.0662576599253207,0.721758586323693
15,4,0.0667985746660723,0.914418312694184
15,5,0.0672951863485192,1.18890182189768
15,6,0.0677467588098978,1.59562889628142
15,7,0.0681526216372984,2.22800151312538
15,8,0.0685121714611948,3.27246432085393
15,9,0.068824873120235,5.13866401587822
15,10,0.0690902606955422,8.84986730981941
15,11,0.0693079384114654,17.4700659123523
15,12,0.0694775814013489,43.0523501351502
15,13,0.0695989363363805,146.822834243726
15,14,0.0696718219160768,84.8114858798929
15,15,0.0696961292194628,-627.019614212324
15,16,0.0696718219160635,84.8114858798929
15,17,0.069598936336397,146.822834243726
15,18,0.0694775814013422,43.0523501351502
15,19,0.0693079384114655,17.4700659123522
15,20,0.0690902606955423,8.84986730981948
15,21,0.0688248731202317,5.1386640158782
15,22,0.0685121714612047,3.27246432085393
15,23,0.0681526216372851,2.2280015131254
15,24,0.0677467588099044,1.5956288962814
15,25,0.0672951863485194,1.18890182189769
15,26,0.0667985746660724,0.914418312694191
15,27,0.0662576599253206,0.72175858632368
15,28,0.0656732426202296,0.582023915455654
15,29,0.0650461860347758,0.477814396554019
15,30,0.0643774145828884,0.3982124755144
15,31,0.0636679120332667,0.336123456465757
15,32,0.0629187196224897,0.286795510803857
15,33,0.0621309340615054,0.24696116753314
15,34,0.0613057054387263,0.214321078087854
15,35,0.0604442350253535,0.18722367040303
15,36,0.059547772987261,0.164460757593741
15,37,0.0586176160082648,0.145133863239998
15,38,0.0576551048307036,0.128564836720419
15,39,0.0566616217178302,0.114234877711067
15,40,0.0556385878441658,0.101742180305302
15,41,0.0545874606194926,0.0907720216551276
15,42,0.0535097309516598,0.0810753176634692
15,43,0.0524069204551445,0.0724530344004772
15,44,0.0512805786104939,0.064744710560236
15,45,0.0501322798814274,0.057819906369162
15,46,0.0489636207954093,0.0515717625923989
15,47,0.0477762169942794,0.0459120992446895
15,48,0.0465717002609675,0.0407676503308
16,0,0.0636679120332634,0.336123456465753
16,1,0.064377414582885,0.398212475514403
16,2,0.0650461860347827,0.477814396554009
16,3,0.0656732426202263,0.582023915455664
16,4,0.0662576599253206,0.721758586323686
16,5,0.0667985746660723,0.914418312694184
16,6,0.0672951863485192,1.18890182189768
16,7,0.0677467588098978,1.59562889628142
16,8,0.0681526216373018,2.22800151312539
16,9,0.0685121714611914,3.27246432085392
16,10,0.0688248731202351,5.13866401587822
16,11,0.0690902606955422,8.84986730981945
16,12,0.0693079384114654,17.4700659123522
16,13,0.069477581401349,43.0523501351502
16,14,0.0695989363363803,146.822834243726
16,15,0.0696718219160768,84.8114858798929
16,16,0.0696961292194628,-627.019614212324
16,17,0.0696718219160635,84.8114858798929
16,18,0.069598936336397,146.822834243726
16,19,0.0694775814013424,43.0523501351502
16,20,0.0693079384114655,17.4700659123522
16,21,0.0690902606955422,8.84986730981945
16,22,0.0688248731202317,5.1386640158782
16,23,0.0685121714612046,3.27246432085393
16,24,0.0681526216372851,2.2280015131254
16,25,0.0677467588099012,1.5956288962814
16,26,0.0672951863485227,1.18890182189767
16,27,0.0667985746660723,0.914418312694204
16,28,0.0662576599253206,0.72175858632368
16,29,0.0656732426202296,0.582023915455654
16,30,0.0650461860347758,0.477814396554019
16,31,0.0643774145828884,0.3982124755144
16,32,0.0636679120332667,0.336123456465757
16,33,0.0629187196224897,0.286795510803857
16,34,0.0621309340615054,0.24696116753314
16,35,0.0613057054387263,0.214321078087854
16,36,0.0604442350253535,0.18722367040303
16,37,0.059547772987261,0.164460757593741
16,38,0.0586176160082648,0.145133863239998
16,39,0.0576551048307039,0.128564836720419
16,40,0.0566616217178201,0.114234877711068
16,41,0.0556385878441756,0.101742180305301
16,42,0.0545874606194926,0.0907720216551276
16,43,0.0535097309516598,0.0810753176634692
16,44,0.0524069204551445,0.0724530344004772
16,45,0.0512805786104939,0.064744710560236
16,46,0.0501322798814274,0.057819906369162
16,47,0.0489636207954093,0.0515717625923989
16,48,0.0477762169942794,0.0459120992446895
17,0,0.0629187196224997,0.28679551080386
17,1,0.0636679120332634,0.336123456465753
17,2,0.0643774145828886,0.3982124755144
17,3,0.0650461860347759,0.477814396554015
17,4,0.0656732426202296,0.58202391545566
17,5,0.0662576599253206,0.721758586323686
17,6,0.0667985746660723,0.914418312694184
17,7,0.0672951863485192,1.18890182189768
17,8,0.0677467588098979,1.59562889628141
17,9,0.0681526216373017,2.2280015131254
17,10,0.0685121714611914,3.27246432085393
17,11,0.0688248731202351,5.13866401587818
17,12,0.0690902606955422,8.84986730981949
17,13,0.0693079384114655,17.4700659123523
17,14,0.0694775814013489,43.0523501351502
17,15,0.0695989363363803,146.822834243726
17,16,0.0696718219160768,84.8114858798929
17,17,0.0696961292194628,-627.019614212324
17,18,0.0696718219160635,84.8114858798929
17,19,0.0695989363363938,146.822834243726
17,20,0.0694775814013457,43.0523501351502
17,21,0.0693079384114653,17.4700659123522
17,22,0.0690902606955422,8.84986730981945
17,23,0.0688248731202317,5.1386640158782
17,24,0.0685121714612047,3.27246432085393
17,25,0.0681526216372919,2.2280015131254
17,26,0.0677467588098979,1.59562889628141
17,27,0.0672951863485192,1.18890182189766
17,28,0.0667985746660723,0.914418312694204
17,29,0.0662576599253206,0.72175858632368
17,30,0.0656732426202296,0.582023915455654
17,31,0.0650461860347758,0.477814396554019
17,32,0.0643774145828884,0.3982124755144
17,33,0.0636679120332667,0.336123456465757
17,34,0.0629187196224897,0.286795510803857
17,35,0.0621309340615054,0.24696116753314
17,36,0.0613057054387263,0.214321078087854
17,37,0.0604442350253535,0.18722367040303
17,38,0.059547772987261,0.164460757593741
17,39,0.0586176160082684,0.145133863240002
17,40,0.0576551048307037,0.128564836720417
17,41,0.0566616217178167,0.114234877711066
17,42,0.0556385878441756,0.101742180305301
17,43,0.0545874606194926,0.0907720216551276
17,44,0.0535097309516598,0.0810753176634692
17,45,0.0524069204551445,0.0724530344004772
17,46,0.0512805786104939,0.064744710560236
17,47,0.0501322798814274,0.057819906369162
17,48,0.0489636207954093,0.0515717625923989
18,0,0.0621309340614987,0.246961167533143
18,1,0.0629187196224997,0.28679551080386
18,2,0.0636679120332602,0.336123456465757
18,3,0.0643774145828918,0.3982124755144
18,4,0.0650461860347758,0.477814396554012
18,5,0.0656732426202296,0.58202391545566
18,6,0.0662576599253206,0.721758586323686
18,7,0.0667985746660723,0.914418312694184
18,8,0.0672951863485193,1.18890182189769
18,9,0.0677467588098978,1.59562889628141
18,10,0.0681526216372984,2.2280015131254
18,11,0.0685121714611947,3.27246432085396
18,12,0.0688248731202351,5.13866401587818
18,13,0.0690902606955423,8.84986730981947
18,14,0.0693079384114653,17.4700659123523
18,15,0.0694775814013489,43.0523501351502
18,16,0.0695989363363803,146.822834243726
18,17,0.0696718219160768,84.8114858798929
18,18,0.0696961292194628,-627.019614212324
18,19,0.069671821916067,84.8114858798931
18,20,0.0695989363363938,146.822834243726
18,21,0.0694775814013422,43.0523501351501
18,22,0.0693079384114654,17.4700659123522
18,23,0.0690902606955421,8.84986730981945
18,24,0.0688248731202317,5.1386640158782
18,25,0.0685121714611915,3.27246432085395
18,26,0.0681526216373085,2.22800151312538
18,27,0.0677467588098944,1.59562889628143
18,28,0.0672951863485192,1.18890182189766
18,29,0.0667985746660723,0.914418312694204
18,30,0.0662576599253206,0.72175858632368
18,31,0.0656732426202296,0.582023915455654
18,32,0.0650461860347758,0.477814396554019
18,33,0.0643774145828884,0.3982124755144
18,34,0.0636679120332667,0.336123456465757
18,35,0.0629187196224897,0.286795510803857
18,36,0.0621309340615054,0.24696116753314
18,37,0.0613057054387263,0.214321078087854
18,38,0.0604442350253535,0.18722367040303
18,39,0.0595477729872547,0.164460757593738
18,40,0.0586176160082782,0.145133863240007
18,41,0.0576551048307002,0.128564836720416
18,42,0.0566616217178167,0.114234877711066
18,43,0.0556385878441756,0.101742180305301
18,44,0.0545874606194926,0.0907720216551276
18,45,0.0535097309516598,0.0810753176634692
18,46,0.0524069204551445,0.0724530344004772
18,47,0.0512805786104939,0.064744710560236
18,48,0.0501322798814274,0.057819906369162
19,0,0.0613057054387231,0.214321078087851
19,1,0.0621309340614955,0.246961167533142
19,2,0.0629187196225034,0.286795510803867
19,3,0.0636679120332636,0.336123456465753
19,4,0.0643774145828918,0.398212475514403
19,5,0.0650461860347726,0.477814396554015
19,6,0.0656732426202297,0.58202391545565
19,7,0.0662576599253175,0.721758586323693
19,8,0.0667985746660792,0.914418312694191
19,9,0.0672951863485194,1.18890182189767
19,10,0.0677467588099013,1.59562889628142
19,11,0.0681526216372953,2.22800151312539
19,12,0.0685121714611949,3.27246432085395
19,13,0.0688248731202353,5.13866401587821
19,14,0.069090260695539,8.84986730981947
19,15,0.0693079384114655,17.4700659123522
19,16,0.069477581401349,43.0523501351502
19,17,0.0695989363363805,146.822834243726
19,18,0.069671821916077,84.8114858798931
19,19,0.0696961292194631,-627.019614212325
19,20,0.0696718219160638,84.8114858798929
19,21,0.0695989363363938,146.822834243726
19,22,0.0694775814013457,43.0523501351502
19,23,0.0693079384114655,17.4700659123522
19,24,0.0690902606955423,8.84986730981948
19,25,0.0688248731202386,5.1386640158782
19,26,0.0685121714611817,3.27246432085396
19,27,0.0681526216372986,2.2280015131254
19,28,0.0677467588099079,1.59562889628141
19,29,0.0672951863485227,1.18890182189767
19,30,0.0667985746660724,0.914418312694211
19,31,0.0662576599253175,0.721758586323673
19,32,0.0656732426202264,0.582023915455654
19,33,0.0650461860347793,0.477814396554019
19,34,0.0643774145828918,0.3982124755144
19,35,0.0636679120332635,0.33612345646576
19,36,0.0629187196224932,0.286795510803857
19,37,0.0621309340614989,0.24696116753314
19,38,0.0613057054387297,0.214321078087858
19,39,0.0604442350253573,0.187223670403027
19,40,0.0595477729872447,0.164460757593738
19,41,0.0586176160082848,0.145133863240007
19,42,0.0576551048307004,0.128564836720417
19,43,0.0566616217178168,0.114234877711068
19,44,0.0556385878441724,0.101742180305301
19,45,0.0545874606194894,0.0907720216551273
19,46,0.0535097309516632,0.0810753176634686
19,47,0.052406920455148,0.0724530344004783
19,48,0.051280578610494,0.0647447105602351
20,0,0.0604442350253603,0.187223670403039
20,1,0.0613057054387297,0.21432107808785
20,2,0.0621309340614924,0.246961167533132
20,3,0.0629187196225032,0.286795510803867
20,4,0.0636679120332602,0.336123456465753
20,5,0.0643774145828918,0.3982124755144
20,6,0.0650461860347793,0.477814396554022
20,7,0.0656732426202264,0.582023915455654
20,8,0.0662576599253142,0.72175858632368
20,9,0.0667985746660724,0.914418312694218
20,10,0.067295186348526,1.18890182189765
20,11,0.0677467588098946,1.59562889628142
20,12,0.0681526216372953,2.2280015131254
20,13,0.0685121714611983,3.27246432085393
20,14,0.0688248731202352,5.13866401587821
20,15,0.0690902606955423,8.84986730981948
20,16,0.0693079384114655,17.4700659123523
20,17,0.069477581401349,43.0523501351502
20,18,0.0695989363363805,146.822834243726
20,19,0.0696718219160771,84.811485879893
20,20,0.0696961292194631,-627.019614212325
20,21,0.069671821916067,84.8114858798931
20,22,0.0695989363363872,146.822834243726
20,23,0.069477581401349,43.0523501351502
20,24,0.0693079384114655,17.4700659123523
20,25,0.0690902606955425,8.84986730981949
20,26,0.0688248731202386,5.13866401587821
20,27,0.0685121714612015,3.27246432085393
20,28,0.0681526216372819,2.2280015131254
20,29,0.0677467588099013,1.59562889628141
20,30,0.0672951863485194,1.18890182189767
20,31,0.0667985746660758,0.914418312694205
20,32,0.0662576599253275,0.72175858632368
20,33,0.0656732426202231,0.582023915455654
20,34,0.0650461860347726,0.477814396554015
20,35,0.0643774145828918,0.3982124755144
20,36,0.0636679120332668,0.33612345646576
20,37,0.0629187196224998,0.286795510803867
20,38,0.0621309340614922,0.246961167533128
20,39,0.0613057054387301,0.214321078087861
20,40,0.0604442350253605,0.187223670403034
20,41,0.0595477729872445,0.164460757593731
20,42,0.0586176160082815,0.145133863240006
20,43,0.057655104830697,0.128564836720417
20,44,0.0566616217178234,0.114234877711067
20,45,0.0556385878441724,0.101742180305302
20,46,0.0545874606194894,0.0907720216551288
20,47,0.0535097309516565,0.0810753176634659
20,48,0.0524069204551513,0.0724530344004801
21,0,0.0595477729872511,0.16446075759373
21,1,0.0604442350253568,0.187223670403042
21,2,0.0613057054387298,0.214321078087855
21,3,0.0621309340614955,0.246961167533137
21,4,0.0629187196224997,0.28679551080386
21,5,0.0636679120332634,0.336123456465753
21,6,0.064377414582885,0.398212475514403
21,7,0.0650461860347858,0.477814396554012
21,8,0.065673242620223,0.582023915455657
21,9,0.0662576599253206,0.721758586323666
21,10,0.066798574666069,0.914418312694224
21,11,0.0672951863485259,1.18890182189765
21,12,0.0677467588098978,1.59562889628141
21,13,0.0681526216372952,2.2280015131254
21,14,0.068512171461198,3.27246432085393
21,15,0.0688248731202317,5.1386640158782
21,16,0.0690902606955422,8.84986730981943
21,17,0.0693079384114653,17.4700659123523
21,18,0.0694775814013489,43.0523501351501
21,19,0.0695989363363805,146.822834243726
21,20,0.069671821916077,84.8114858798933
21,21,0.0696961292194628,-627.019614212324
21,22,0.0696718219160735,84.8114858798929
21,23,0.069598936336387,146.822834243726
21,24,0.0694775814013422,43.0523501351502
21,25,0.0693079384114655,17.4700659123522
21,26,0.0690902606955423,8.84986730981948
21,27,0.0688248731202317,5.1386640158782
21,28,0.0685121714612046,3.27246432085393
21,29,0.0681526216372851,2.2280015131254
21,30,0.0677467588099044,1.5956288962814
21,31,0.0672951863485192,1.18890182189768
21,32,0.066798574666069,0.914418312694198
21,33,0.0662576599253273,0.72175858632368
21,34,0.0656732426202263,0.582023915455657
21,35,0.0650461860347758,0.477814396554012
21,36,0.0643774145828851,0.3982124755144
21,37,0.0636679120332667,0.33612345646575
21,38,0.062918719622503,0.286795510803877
21,39,0.0621309340614957,0.246961167533132
21,40,0.0613057054387231,0.214321078087855
21,41,0.0604442350253602,0.187223670403035
21,42,0.0595477729872477,0.164460757593733
21,43,0.0586176160082847,0.145133863240004
21,44,0.0576551048306936,0.128564836720417
21,45,0.0566616217178266,0.114234877711067
21,46,0.055638587844169,0.101742180305301
21,47,0.0545874606194926,0.0907720216551304
21,48,0.0535097309516531,0.0810753176634644
22,0,0.0586176160082748,0.145133863240004
22,1,0.0595477729872511,0.16446075759373
22,2,0.0604442350253604,0.187223670403037
22,3,0.061305705438723,0.214321078087853
22,4,0.0621309340614987,0.246961167533143
22,5,0.0629187196224997,0.28679551080386
22,6,0.0636679120332634,0.336123456465753
22,7,0.064377414582885,0.398212475514403
22,8,0.0650461860347859,0.477814396554012
22,9,0.0656732426202229,0.582023915455657
22,10,0.0662576599253174,0.72175858632368
22,11,0.0667985746660723,0.914418312694198
22,12,0.0672951863485259,1.18890182189769
22,13,0.0677467588098946,1.59562889628141
22,14,0.0681526216372984,2.22800151312538
22,15,0.068512171461198,3.27246432085393
22,16,0.0688248731202317,5.1386640158782
22,17,0.0690902606955422,8.84986730981943
22,18,0.0693079384114653,17.4700659123523
22,19,0.069477581401349,43.0523501351502
22,20,0.0695989363363805,146.822834243726
22,21,0.0696718219160768,84.8114858798929
22,22,0.0696961292194594,-627.019614212324
22,23,0.0696718219160668,84.811485879893
22,24,0.069598936336397,146.822834243726
22,25,0.0694775814013424,43.0523501351502
22,26,0.0693079384114655,17.4700659123522
22,27,0.0690902606955422,8.84986730981945
22,28,0.0688248731202317,5.1386640158782
22,29,0.0685121714612047,3.27246432085393
22,30,0.0681526216372851,2.2280015131254
22,31,0.0677467588099044,1.5956288962814
22,32,0.0672951863485192,1.18890182189768
22,33,0.066798574666069,0.914418312694198
22,34,0.0662576599253273,0.72175858632368
22,35,0.0656732426202263,0.582023915455657
22,36,0.0650461860347758,0.477814396554012
22,37,0.0643774145828851,0.3982124755144
22,38,0.0636679120332667,0.33612345646575
22,39,0.0629187196224967,0.28679551080387
22,40,0.0621309340615023,0.246961167533132
22,41,0.061305705438723,0.214321078087859
22,42,0.0604442350253602,0.187223670403035
22,43,0.0595477729872477,0.164460757593733
22,44,0.0586176160082847,0.145133863240004
22,45,0.0576551048306936,0.128564836720417
22,46,0.0566616217178267,0.114234877711067
22,47,0.055638587844169,0.101742180305301
22,48,0.0545874606194926,0.0907720216551304
23,0,0.0576551048307102,0.128564836720417
23,1,0.0586176160082747,0.145133863240004
23,2,0.0595477729872479,0.164460757593736
23,3,0.0604442350253636,0.187223670403029
23,4,0.061305705438723,0.214321078087854
23,5,0.0621309340614987,0.246961167533143
23,6,0.0629187196224997,0.28679551080386
23,7,0.0636679120332634,0.336123456465753
23,8,0.0643774145828918,0.398212475514406
23,9,0.0650461860347791,0.477814396554009
23,10,0.0656732426202263,0.582023915455654
23,11,0.0662576599253174,0.72175858632368
23,12,0.0667985746660723,0.914418312694204
23,13,0.0672951863485193,1.18890182189767
23,14,0.0677467588098978,1.59562889628142
23,15,0.0681526216372984,2.22800151312538
23,16,0.068512171461198,3.27246432085393
23,17,0.0688248731202317,5.1386640158782
23,18,0.0690902606955422,8.84986730981943
23,19,0.0693079384114655,17.4700659123523
23,20,0.069477581401349,43.0523501351502
23,21,0.069598936336387,146.822834243726
23,22,0.0696718219160701,84.811485879893
23,23,0.0696961292194627,-627.019614212324
23,24,0.0696718219160635,84.8114858798929
23,25,0.0695989363363904,146.822834243726
23,26,0.069477581401349,43.0523501351502
23,27,0.0693079384114653,17.4700659123522
23,28,0.0690902606955421,8.84986730981948
23,29,0.0688248731202317,5.13866401587817
23,30,0.0685121714612047,3.27246432085393
23,31,0.0681526216372851,2.2280015131254
23,32,0.0677467588099044,1.5956288962814
23,33,0.0672951863485192,1.18890182189768
23,34,0.0667985746660689,0.914418312694198
23,35,0.0662576599253273,0.72175858632368
23,36,0.0656732426202263,0.582023915455657
23,37,0.0650461860347758,0.477814396554012
23,38,0.064377414582885,0.3982124755144
23,39,0.0636679120332637,0.336123456465757
23,40,0.0629187196225032,0.286795510803867
23,41,0.0621309340614987,0.246961167533128
23,42,0.0613057054387229,0.214321078087859
23,43,0.0604442350253602,0.187223670403035
23,44,0.0595477729872477,0.164460757593733
23,45,0.0586176160082847,0.145133863240004
23,46,0.0576551048306936,0.128564836720417
23,47,0.0566616217178266,0.114234877711067
23,48,0.055638587844169,0.101742180305301
24,0,0.05666162171781,0.114234877711067
24,1,0.0576551048307102,0.128564836720417
24,2,0.0586176160082782,0.145133863240002
24,3,0.0595477729872478,0.164460757593743
24,4,0.0604442350253602,0.187223670403024
24,5,0.061305705438723,0.214321078087854
24,6,0.0621309340614987,0.246961167533143
24,7,0.0629187196224997,0.28679551080386
24,8,0.0636679120332568,0.33612345646575
24,9,0.0643774145828983,0.39821247551441
24,10,0.0650461860347758,0.477814396554009
24,11,0.0656732426202263,0.582023915455667
24,12,0.0662576599253174,0.721758586323666
24,13,0.0667985746660757,0.914418312694198
24,14,0.0672951863485192,1.18890182189768
24,15,0.0677467588098978,1.59562889628142
24,16,0.0681526216372984,2.22800151312538
24,17,0.068512171461198,3.27246432085393
24,18,0.0688248731202317,5.1386640158782
24,19,0.0690902606955457,8.84986730981946
24,20,0.0693079384114622,17.4700659123523
24,21,0.0694775814013422,43.0523501351502
24,22,0.069598936336387,146.822834243726
24,23,0.0696718219160768,84.811485879893
24,24,0.0696961292194628,-627.019614212324
24,25,0.0696718219160703,84.8114858798932
24,26,0.0695989363363905,146.822834243726
24,27,0.0694775814013422,43.0523501351501
24,28,0.0693079384114653,17.4700659123522
24,29,0.0690902606955422,8.84986730981945
24,30,0.0688248731202317,5.1386640158782
24,31,0.0685121714612047,3.27246432085393
24,32,0.0681526216372851,2.2280015131254
24,33,0.0677467588099044,1.5956288962814
24,34,0.0672951863485192,1.18890182189768
24,35,0.066798574666069,0.914418312694198
24,36,0.0662576599253273,0.72175858632368
24,37,0.0656732426202263,0.582023915455657
24,38,0.0650461860347758,0.477814396554012
24,39,0.064377414582892,0.398212475514403
24,40,0.0636679120332569,0.336123456465753
24,41,0.062918719622503,0.286795510803867
24,42,0.0621309340614987,0.246961167533128
24,43,0.0613057054387229,0.214321078087859
24,44,0.0604442350253602,0.187223670403035
24,45,0.0595477729872477,0.164460757593733
24,46,0.0586176160082847,0.145133863240004
24,47,0.0576551048306936,0.128564836720417
24,48,0.0566616217178266,0.114234877711067
25,0,0.0556385878441791,0.101742180305301
25,1,0.0566616217178134,0.114234877711067
25,2,0.0576551048307038,0.128564836720416
25,3,0.0586176160082683,0.14513386324
25,4,0.0595477729872545,0.164460757593748
25,5,0.0604442350253636,0.187223670403025
25,6,0.0613057054387231,0.214321078087851
25,7,0.0621309340614955,0.246961167533142
25,8,0.0629187196224999,0.286795510803867
25,9,0.0636679120332569,0.336123456465743
25,10,0.0643774145829018,0.398212475514413
25,11,0.065046186034776,0.477814396554009
25,12,0.0656732426202331,0.58202391545567
25,13,0.0662576599253109,0.72175858632368
25,14,0.0667985746660791,0.914418312694198
25,15,0.0672951863485194,1.18890182189767
25,16,0.0677467588098946,1.59562889628141
25,17,0.0681526216372986,2.2280015131254
25,18,0.0685121714611915,3.27246432085396
25,19,0.0688248731202353,5.13866401587819
25,20,0.0690902606955458,8.84986730981949
25,21,0.0693079384114655,17.4700659123522
25,22,0.069477581401349,43.0523501351503
25,23,0.0695989363363805,146.822834243726
25,24,0.0696718219160736,84.8114858798932
25,25,0.0696961292194664,-627.019614212325
25,26,0.0696718219160638,84.8114858798931
25,27,0.0695989363363905,146.822834243726
25,28,0.069477581401349,43.0523501351502
25,29,0.0693079384114655,17.4700659123523
25,30,0.0690902606955423,8.84986730981948
25,31,0.0688248731202352,5.13866401587818
25,32,0.0685121714611948,3.27246432085396
25,33,0.0681526216372886,2.2280015131254
25,34,0.0677467588099079,1.59562889628141
25,35,0.0672951863485227,1.18890182189767
25,36,0.0667985746660625,0.914418312694211
25,37,0.0662576599253275,0.72175858632368
25,38,0.0656732426202264,0.58202391545567
25,39,0.065046186034783,0.477814396554006
25,40,0.064377414582892,0.39821247551441
25,41,0.0636679120332535,0.33612345646575
25,42,0.0629187196224965,0.286795510803864
25,43,0.0621309340615022,0.246961167533133
25,44,0.0613057054387264,0.214321078087853
25,45,0.0604442350253536,0.187223670403037
25,46,0.0595477729872512,0.16446075759374
25,47,0.0586176160082848,0.145133863239999
25,48,0.0576551048307004,0.128564836720417
26,0,0.0545874606194828,0.0907720216551272
26,1,0.0556385878441791,0.101742180305301
26,2,0.0566616217178169,0.114234877711069
26,3,0.0576551048307104,0.12856483672042
26,4,0.0586176160082715,0.145133863239998
26,5,0.0595477729872479,0.16446075759374
26,6,0.0604442350253603,0.187223670403039
26,7,0.0613057054387297,0.21432107808785
26,8,0.0621309340614956,0.24696116753313
26,9,0.0629187196224932,0.28679551080388
26,10,0.0636679120332602,0.33612345646574
26,11,0.0643774145828952,0.398212475514403
26,12,0.065046186034776,0.477814396554012
26,13,0.0656732426202332,0.582023915455664
26,14,0.0662576599253175,0.72175858632368
26,15,0.0667985746660691,0.914418312694205
26,16,0.067295186348526,1.18890182189768
26,17,0.0677467588098946,1.59562889628141
26,18,0.0681526216373119,2.22800151312538
26,19,0.0685121714611784,3.27246432085397
26,20,0.0688248731202386,5.1386640158782
26,21,0.0690902606955423,8.84986730981948
26,22,0.0693079384114655,17.4700659123523
26,23,0.069477581401349,43.0523501351502
26,24,0.0695989363363838,146.822834243726
26,25,0.0696718219160738,84.8114858798932
26,26,0.0696961292194631,-627.019614212325
26,27,0.0696718219160736,84.8114858798931
26,28,0.0695989363363871,146.822834243726
26,29,0.0694775814013424,43.0523501351502
26,30,0.0693079384114655,17.4700659123523
26,31,0.069090260695539,8.84986730981949
26,32,0.0688248731202385,5.13866401587817
26,33,0.0685121714612015,3.27246432085396
26,34,0.0681526216372919,2.22800151312538
26,35,0.0677467588098913,1.59562889628143
26,36,0.0672951863485294,1.18890182189765
26,37,0.0667985746660691,0.914418312694231
26,38,0.0662576599253275,0.721758586323666
26,39,0.0656732426202168,0.582023915455667
26,40,0.0650461860347762,0.477814396554012
26,41,0.0643774145828952,0.398212475514403
26,42,0.0636679120332668,0.336123456465757
26,43,0.0629187196224932,0.286795510803857
26,44,0.0621309340615022,0.246961167533142
26,45,0.0613057054387297,0.214321078087853
26,46,0.0604442350253536,0.187223670403029
26,47,0.0595477729872512,0.164460757593743
26,48,0.0586176160082682,0.14513386324
27,0,0.0535097309516664,0.0810753176634693
27,1,0.0545874606194793,0.0907720216551274
27,2,0.0556385878441791,0.101742180305301
27,3,0.0566616217178134,0.114234877711068
27,4,0.0576551048307102,0.128564836720417
27,5,0.0586176160082748,0.145133863240004
27,6,0.0595477729872511,0.16446075759373
27,7,0.0604442350253569,0.187223670403042
27,8,0.0613057054387297,0.214321078087856
27,9,0.0621309340615021,0.246961167533123
27,10,0.0629187196224865,0.286795510803874
27,11,0.0636679120332701,0.33612345646575
27,12,0.0643774145828851,0.398212475514406
27,13,0.0650461860347859,0.477814396554009
27,14,0.0656732426202196,0.582023915455657
27,15,0.0662576599253273,0.72175858632368
27,16,0.0667985746660657,0.914418312694198
27,17,0.0672951863485259,1.18890182189767
27,18,0.0677467588098878,1.59562889628142
27,19,0.0681526216373119,2.22800151312539
27,20,0.0685121714611915,3.27246432085393
27,21,0.0688248731202317,5.1386640158782
27,22,0.0690902606955422,8.84986730981943
27,23,0.0693079384114653,17.4700659123523
27,24,0.0694775814013489,43.0523501351501
27,25,0.0695989363363805,146.822834243726
27,26,0.069671821916077,84.8114858798933
27,27,0.0696961292194594,-627.019614212324
27,28,0.0696718219160668,84.811485879893
27,29,0.069598936336397,146.822834243726
27,30,0.0694775814013422,43.0523501351502
27,31,0.0693079384114653,17.4700659123523
27,32,0.0690902606955455,8.84986730981948
27,33,0.0688248731202284,5.13866401587817
27,34,0.0685121714611947,3.27246432085397
27,35,0.0681526216373051,2.22800151312537
27,36,0.0677467588098911,1.59562889628143
27,37,0.0672951863485226,1.18890182189764
27,38,0.066798574666069,0.914418312694231
27,39,0.066257659925331,0.721758586323673
27,40,0.0656732426202231,0.58202391545566
27,41,0.0650461860347758,0.477814396554019
27,42,0.0643774145828884,0.3982124755144
27,43,0.0636679120332667,0.336123456465757
27,44,0.0629187196224897,0.286795510803857
27,45,0.0621309340615054,0.24696116753314
27,46,0.0613057054387263,0.214321078087854
27,47,0.0604442350253535,0.18722367040303
27,48,0.059547772987261,0.164460757593741
28,0,0.0524069204551445,0.0724530344004768
28,1,0.0535097309516664,0.0810753176634693
28,2,0.0545874606194828,0.0907720216551275
28,3,0.055638587844179,0.101742180305301
28,4,0.05666162171781,0.114234877711067
28,5,0.0576551048307102,0.128564836720417
28,6,0.0586176160082747,0.145133863240004
28,7,0.0595477729872511,0.16446075759373
28,8,0.0604442350253569,0.18722367040304
28,9,0.0613057054387296,0.214321078087858
28,10,0.0621309340614987,0.246961167533127
28,11,0.0629187196224964,0.28679551080387
28,12,0.0636679120332634,0.33612345646575
28,13,0.0643774145828851,0.398212475514403
28,14,0.0650461860347858,0.477814396554012
28,15,0.0656732426202196,0.582023915455657
28,16,0.0662576599253273,0.72175858632368
28,17,0.0667985746660656,0.914418312694198
28,18,0.0672951863485258,1.18890182189767
28,19,0.0677467588098946,1.59562889628141
28,20,0.0681526216372985,2.2280015131254
28,21,0.068512171461198,3.27246432085393
28,22,0.0688248731202317,5.1386640158782
28,23,0.0690902606955421,8.84986730981945
28,24,0.0693079384114653,17.4700659123522
28,25,0.069477581401349,43.0523501351502
28,26,0.0695989363363805,146.822834243726
28,27,0.0696718219160768,84.8114858798929
28,28,0.0696961292194627,-627.019614212324
28,29,0.0696718219160635,84.8114858798929
28,30,0.0695989363363969,146.822834243726
28,31,0.0694775814013422,43.0523501351502
28,32,0.0693079384114653,17.4700659123523
28,33,0.0690902606955455,8.84986730981948
28,34,0.0688248731202283,5.13866401587814
28,35,0.0685121714611947,3.272464320854
28,36,0.0681526216373051,2.22800151312537
28,37,0.0677467588098911,1.59562889628143
28,38,0.0672951863485225,1.18890182189764
28,39,0.066798574666066,0.914418312694225
28,40,0.0662576599253275,0.72175858632368
28,41,0.0656732426202296,0.582023915455654
28,42,0.0650461860347758,0.477814396554019
28,43,0.0643774145828883,0.3982124755144
28,44,0.0636679120332667,0.336123456465757
28,45,0.0629187196224897,0.286795510803857
28,46,0.0621309340615054,0.24696116753314
28,47,0.0613057054387262,0.214321078087854
28,48,0.0604442350253535,0.18722367040303
29,0,0.0512805786104873,0.0647447105602368
29,1,0.0524069204551445,0.0724530344004768
29,2,0.0535097309516632,0.0810753176634688
29,3,0.0545874606194894,0.0907720216551289
29,4,0.0556385878441757,0.101742180305301
29,5,0.05666162171781,0.114234877711067
29,6,0.0576551048307102,0.128564836720417
29,7,0.0586176160082748,0.145133863240004
29,8,0.0595477729872511,0.164460757593731
29,9,0.0604442350253569,0.187223670403039
29,10,0.0613057054387363,0.214321078087854
29,11,0.0621309340614888,0.246961167533135
29,12,0.0629187196224998,0.286795510803864
29,13,0.0636679120332635,0.336123456465753
29,14,0.0643774145828851,0.398212475514403
29,15,0.0650461860347858,0.477814396554012
29,16,0.0656732426202196,0.582023915455657
29,17,0.0662576599253273,0.72175858632368
29,18,0.0667985746660657,0.914418312694198
29,19,0.067295186348526,1.18890182189767
29,20,0.0677467588098946,1.59562889628142
29,21,0.0681526216372984,2.22800151312538
29,22,0.068512171461198,3.27246432085393
29,23,0.0688248731202317,5.13866401587817
29,24,0.0690902606955422,8.84986730981945
29,25,0.0693079384114655,17.4700659123523
29,26,0.0694775814013491,43.0523501351501
29,27,0.0695989363363804,146.822834243726
29,28,0.0696718219160768,84.8114858798929
29,29,0.0696961292194628,-627.019614212324
29,30,0.0696718219160635,84.8114858798929
29,31,0.069598936336397,146.822834243726
29,32,0.0694775814013422,43.0523501351502
29,33,0.0693079384114653,17.4700659123523
29,34,0.0690902606955455,8.84986730981951
29,35,0.0688248731202284,5.13866401587814
29,36,0.0685121714611947,3.27246432085397
29,37,0.0681526216373051,2.22800151312537
29,38,0.0677467588098912,1.59562889628143
29,39,0.0672951863485296,1.18890182189767
29,40,0.0667985746660659,0.914418312694191
29,41,0.0662576599253207,0.72175858632368
29,42,0.0656732426202296,0.582023915455654
29,43,0.0650461860347758,0.477814396554019
29,44,0.0643774145828884,0.3982124755144
29,45,0.0636679120332667,0.336123456465757
29,46,0.0629187196224897,0.286795510803857
29,47,0.0621309340615054,0.24696116753314
29,48,0.0613057054387263,0.214321078087854
30,0,0.0501322798814407,0.0578199063691603
30,1,0.0512805786104873,0.0647447105602368
30,2,0.052406920455148,0.0724530344004783
30,3,0.0535097309516565,0.0810753176634657
30,4,0.0545874606194926,0.0907720216551305
30,5,0.0556385878441756,0.101742180305301
30,6,0.05666162171781,0.114234877711067
30,7,0.0576551048307102,0.128564836720417
30,8,0.0586176160082748,0.145133863240005
30,9,0.0595477729872511,0.16446075759373
30,10,0.0604442350253535,0.187223670403039
30,11,0.0613057054387296,0.21432107808785
30,12,0.0621309340614955,0.246961167533142
30,13,0.0629187196225031,0.28679551080386
30,14,0.0636679120332634,0.336123456465753
30,15,0.064377414582885,0.398212475514403
30,16,0.0650461860347858,0.477814396554012
30,17,0.0656732426202196,0.582023915455657
30,18,0.0662576599253273,0.72175858632368
30,19,0.0667985746660691,0.914418312694211
30,20,0.0672951863485194,1.18890182189766
30,21,0.0677467588098978,1.59562889628142
30,22,0.0681526216372984,2.22800151312538
30,23,0.068512171461198,3.27246432085393
30,24,0.0688248731202317,5.1386640158782
30,25,0.0690902606955456,8.84986730981946
30,26,0.0693079384114622,17.4700659123523
30,27,0.0694775814013489,43.0523501351502
30,28,0.0695989363363803,146.822834243726
30,29,0.0696718219160768,84.8114858798929
30,30,0.0696961292194628,-627.019614212324
30,31,0.0696718219160635,84.8114858798929
30,32,0.069598936336397,146.822834243726
30,33,0.0694775814013422,43.0523501351502
30,34,0.0693079384114653,17.4700659123523
30,35,0.0690902606955455,8.84986730981948
30,36,0.0688248731202284,5.13866401587817
30,37,0.0685121714611947,3.27246432085397
30,38,0.0681526216373051,2.22800151312537
30,39,0.0677467588098882,1.59562889628142
30,40,0.0672951863485261,1.18890182189768
30,41,0.0667985746660723,0.914418312694204
30,42,0.0662576599253206,0.72175858632368
30,43,0.0656732426202296,0.582023915455654
30,44,0.0650461860347758,0.477814396554019
30,45,0.0643774145828884,0.3982124755144
30,46,0.0636679120332667,0.336123456465757
30,47,0.0629187196224897,0.286795510803857
30,48,0.0621309340615054,0.24696116753314
31,0,0.0489636207954027,0.0515717625923989
31,1,0.0501322798814407,0.0578199063691603
31,2,0.0512805786104874,0.064744710560236
31,3,0.0524069204551446,0.0724530344004801
31,4,0.0535097309516598,0.0810753176634647
31,5,0.0545874606194926,0.0907720216551305
31,6,0.0556385878441756,0.101742180305301
31,7,0.05666162171781,0.114234877711067
31,8,0.0576551048307103,0.128564836720417
31,9,0.0586176160082748,0.145133863240006
31,10,0.0595477729872511,0.164460757593733
31,11,0.0604442350253602,0.18722367040303
31,12,0.0613057054387263,0.214321078087854
31,13,0.0621309340614955,0.246961167533143
31,14,0.0629187196224997,0.28679551080386
31,15,0.0636679120332634,0.336123456465753
31,16,0.064377414582885,0.398212475514403
31,17,0.0650461860347858,0.477814396554012
31,18,0.0656732426202196,0.582023915455657
31,19,0.0662576599253208,0.721758586323673
31,20,0.0667985746660758,0.914418312694198
31,21,0.0672951863485192,1.18890182189768
31,22,0.0677467588098978,1.59562889628142
31,23,0.0681526216372984,2.22800151312538
31,24,0.068512171461198,3.27246432085393
31,25,0.0688248731202318,5.13866401587818
31,26,0.0690902606955423,8.84986730981949
31,27,0.0693079384114654,17.4700659123523
31,28,0.0694775814013488,43.0523501351502
31,29,0.0695989363363804,146.822834243726
31,30,0.0696718219160768,84.8114858798929
31,31,0.0696961292194628,-627.019614212324
31,32,0.0696718219160635,84.8114858798929
31,33,0.069598936336397,146.822834243726
31,34,0.0694775814013422,43.0523501351502
31,35,0.0693079384114653,17.4700659123523
31,36,0.0690902606955455,8.84986730981948
31,37,0.0688248731202284,5.13866401587817
31,38,0.0685121714611947,3.27246432085397
31,39,0.0681526216372955,2.22800151312537
31,40,0.0677467588099046,1.59562889628143
31,41,0.0672951863485192,1.18890182189766
31,42,0.0667985746660723,0.914418312694204
31,43,0.0662576599253206,0.72175858632368
31,44,0.0656732426202296,0.582023915455654
31,45,0.0650461860347758,0.477814396554019
31,46,0.0643774145828884,0.3982124755144
31,47,0.0636679120332667,0.336123456465757
31,48,0.0629187196224897,0.286795510803857
32,0,0.0477762169942827,0.0459120992446895
32,1,0.0489636207954027,0.0515717625923989
32,2,0.0501322798814342,0.0578199063691616
32,3,0.0512805786105006,0.0647447105602352
32,4,0.0524069204551379,0.0724530344004801
32,5,0.0535097309516598,0.0810753176634647
32,6,0.0545874606194926,0.0907720216551305
32,7,0.0556385878441756,0.101742180305301
32,8,0.05666162171781,0.114234877711067
32,9,0.0576551048307102,0.128564836720417
32,10,0.0586176160082781,0.145133863240004
32,11,0.0595477729872478,0.164460757593741
32,12,0.0604442350253602,0.187223670403025
32,13,0.0613057054387231,0.214321078087853
32,14,0.0621309340614987,0.246961167533143
32,15,0.0629187196224997,0.28679551080386
32,16,0.0636679120332634,0.336123456465753
32,17,0.064377414582885,0.398212475514403
32,18,0.0650461860347858,0.477814396554012
32,19,0.0656732426202231,0.582023915455657
32,20,0.0662576599253208,0.721758586323693
32,21,0.0667985746660723,0.914418312694184
32,22,0.0672951863485192,1.18890182189768
32,23,0.0677467588098978,1.59562889628142
32,24,0.0681526216372984,2.22800151312538
32,25,0.0685121714611882,3.27246432085397
32,26,0.0688248731202419,5.1386640158782
32,27,0.0690902606955422,8.84986730981945
32,28,0.0693079384114653,17.4700659123523
32,29,0.0694775814013489,43.0523501351501
32,30,0.0695989363363803,146.822834243726
32,31,0.0696718219160768,84.8114858798929
32,32,0.0696961292194628,-627.019614212324
32,33,0.0696718219160635,84.8114858798929
32,34,0.069598936336397,146.822834243726
32,35,0.0694775814013422,43.0523501351502
32,36,0.0693079384114653,17.4700659123523
32,37,0.0690902606955455,8.84986730981948
32,38,0.0688248731202284,5.13866401587817
32,39,0.0685121714612017,3.27246432085397
32,40,0.0681526216372986,2.22800151312538
32,41,0.0677467588098944,1.59562889628143
32,42,0.0672951863485192,1.18890182189766
32,43,0.0667985746660723,0.914418312694204
32,44,0.0662576599253206,0.72175858632368
32,45,0.0656732426202296,0.582023915455654
32,46,0.0650461860347758,0.477814396554019
32,47,0.0643774145828884,0.3982124755144
32,48,0.0636679120332667,0.336123456465757
33,0,0.0465717002609642,0.0407676503308008
33,1,0.0477762169942827,0.0459120992446895
33,2,0.0489636207954095,0.051571762592398
33,3,0.0501322798814275,0.0578199063691628
33,4,0.0512805786105006,0.0647447105602343
33,5,0.0524069204551379,0.0724530344004801
33,6,0.0535097309516598,0.0810753176634647
33,7,0.0545874606194926,0.0907720216551305
33,8,0.0556385878441757,0.1017421803053
33,9,0.05666162171781,0.114234877711068
33,10,0.0576551048307103,0.128564836720417
33,11,0.0586176160082681,0.145133863240001
33,12,0.0595477729872578,0.164460757593745
33,13,0.0604442350253603,0.187223670403024
33,14,0.061305705438723,0.214321078087854
33,15,0.0621309340614987,0.246961167533143
33,16,0.0629187196224997,0.28679551080386
33,17,0.0636679120332634,0.336123456465753
33,18,0.064377414582885,0.398212475514403
33,19,0.0650461860347826,0.477814396554015
33,20,0.0656732426202264,0.582023915455657
33,21,0.0662576599253206,0.721758586323686
33,22,0.0667985746660723,0.914418312694184
33,23,0.0672951863485192,1.18890182189768
33,24,0.0677467588098978,1.59562889628142
33,25,0.0681526216373052,2.22800151312538
33,26,0.0685121714611915,3.27246432085393
33,27,0.0688248731202317,5.13866401587822
33,28,0.0690902606955421,8.84986730981945
33,29,0.0693079384114653,17.4700659123523
33,30,0.0694775814013489,43.0523501351502
33,31,0.0695989363363803,146.822834243726
33,32,0.0696718219160768,84.8114858798929
33,33,0.0696961292194628,-627.019614212324
33,34,0.0696718219160635,84.8114858798929
33,35,0.069598936336397,146.822834243726
33,36,0.0694775814013422,43.0523501351502
33,37,0.0693079384114653,17.4700659123523
33,38,0.0690902606955455,8.84986730981948
33,39,0.0688248731202321,5.1386640158782
33,40,0.0685121714611916,3.27246432085397
33,41,0.0681526216373051,2.22800151312535
33,42,0.0677467588098944,1.59562889628143
33,43,0.0672951863485192,1.18890182189766
33,44,0.0667985746660723,0.914418312694204
33,45,0.0662576599253206,0.72175858632368
33,46,0.0656732426202296,0.582023915455654
33,47,0.0650461860347758,0.477814396554019
33,48,0.0643774145828884,0.3982124755144
34,0,0.0453517155289938,0.0360771455008177
34,1,0.0465717002609642,0.0407676503308008
34,2,0.0477762169942828,0.0459120992446886
34,3,0.0489636207954094,0.0515717625924005
34,4,0.0501322798814274,0.057819906369162
34,5,0.0512805786105006,0.0647447105602343
34,6,0.0524069204551379,0.0724530344004801
34,7,0.0535097309516598,0.0810753176634647
34,8,0.0545874606194927,0.09077202165513
34,9,0.0556385878441756,0.1017421803053
34,10,0.05666162171781,0.114234877711068
34,11,0.0576551048307169,0.128564836720419
34,12,0.0586176160082648,0.145133863239998
34,13,0.0595477729872545,0.164460757593745
34,14,0.0604442350253602,0.187223670403024
34,15,0.061305705438723,0.214321078087854
34,16,0.0621309340614987,0.246961167533143
34,17,0.0629187196224997,0.28679551080386
34,18,0.0636679120332634,0.336123456465753
34,19,0.0643774145828885,0.3982124755144
34,20,0.065046186034776,0.477814396554015
34,21,0.0656732426202296,0.58202391545566
34,22,0.0662576599253206,0.721758586323686
34,23,0.0667985746660723,0.914418312694184
34,24,0.0672951863485192,1.18890182189768
34,25,0.0677467588098946,1.59562889628142
34,26,0.0681526216373019,2.22800151312538
34,27,0.068512171461198,3.27246432085395
34,28,0.0688248731202317,5.1386640158782
34,29,0.0690902606955422,8.84986730981948
34,30,0.0693079384114653,17.4700659123523
34,31,0.0694775814013489,43.0523501351502
34,32,0.0695989363363803,146.822834243726
34,33,0.0696718219160768,84.8114858798929
34,34,0.0696961292194628,-627.019614212324
34,35,0.0696718219160635,84.8114858798929
34,36,0.069598936336397,146.822834243726
34,37,0.0694775814013422,43.0523501351502
34,38,0.0693079384114653,17.4700659123523
34,39,0.0690902606955426,8.84986730981947
34,40,0.0688248731202319,5.13866401587821
34,41,0.0685121714611947,3.27246432085397
34,42,0.0681526216373051,2.22800151312535
34,43,0.0677467588098944,1.59562889628143
34,44,0.0672951863485192,1.18890182189766
34,45,0.0667985746660723,0.914418312694204
34,46,0.0662576599253206,0.72175858632368
34,47,0.0656732426202296,0.582023915455654
34,48,0.0650461860347758,0.477814396554019
35,0,0.0441179178808322,0.0317890292333677
35,1,0.0453517155289938,0.0360771455008177
35,2,0.046571700260961,0.0407676503308016
35,3,0.0477762169942761,0.045912099244687
35,4,0.048963620795416,0.0515717625924005
35,5,0.0501322798814274,0.057819906369162
35,6,0.0512805786105006,0.0647447105602343
35,7,0.0524069204551379,0.0724530344004801
35,8,0.0535097309516598,0.0810753176634652
35,9,0.0545874606194926,0.0907720216551295
35,10,0.0556385878441757,0.101742180305303
35,11,0.05666162171781,0.114234877711066
35,12,0.0576551048307169,0.128564836720418
35,13,0.0586176160082616,0.145133863239999
35,14,0.0595477729872577,0.164460757593745
35,15,0.0604442350253602,0.187223670403024
35,16,0.061305705438723,0.214321078087854
35,17,0.0621309340614987,0.246961167533143
35,18,0.0629187196224997,0.28679551080386
35,19,0.0636679120332602,0.336123456465757
35,20,0.0643774145828918,0.3982124755144
35,21,0.0650461860347758,0.477814396554012
35,22,0.0656732426202296,0.58202391545566
35,23,0.0662576599253206,0.721758586323686
35,24,0.0667985746660723,0.914418312694184
35,25,0.067295186348526,1.18890182189767
35,26,0.067746758809888,1.59562889628143
35,27,0.0681526216373018,2.22800151312537
35,28,0.068512171461198,3.27246432085397
35,29,0.0688248731202317,5.1386640158782
35,30,0.0690902606955422,8.84986730981945
35,31,0.0693079384114653,17.4700659123523
35,32,0.0694775814013489,43.0523501351502
35,33,0.0695989363363803,146.822834243726
35,34,0.0696718219160768,84.8114858798929
35,35,0.0696961292194628,-627.019614212324
35,36,0.0696718219160635,84.8114858798929
35,37,0.069598936336397,146.822834243726
35,38,0.0694775814013422,43.0523501351502
35,39,0.0693079384114657,17.4700659123523
35,40,0.0690902606955424,8.84986730981947
35,41,0.0688248731202317,5.13866401587818
35,42,0.0685121714611947,3.27246432085397
35,43,0.0681526216373051,2.22800151312535
35,44,0.0677467588098944,1.59562889628143
35,45,0.0672951863485192,1.18890182189766
35,46,0.0667985746660723,0.914418312694204
35,47,0.0662576599253206,0.72175858632368
35,48,0.0656732426202296,0.582023915455654
36,0,0.0428719695416279,0.0278596643114503
36,1,0.0441179178808322,0.0317890292333677
36,2,0.0453517155289956,0.0360771455008185
36,3,0.0465717002609659,0.0407676503308008
36,4,0.0477762169942694,0.045912099244687
36,5,0.048963620795416,0.0515717625924005
36,6,0.0501322798814274,0.057819906369162
36,7,0.0512805786105006,0.0647447105602343
36,8,0.0524069204551446,0.0724530344004799
36,9,0.0535097309516531,0.0810753176634652
36,10,0.0545874606194927,0.0907720216551302
36,11,0.0556385878441757,0.101742180305302
36,12,0.05666162171781,0.114234877711067
36,13,0.057655104830717,0.128564836720419
36,14,0.0586176160082615,0.145133863239998
36,15,0.0595477729872577,0.164460757593745
36,16,0.0604442350253602,0.187223670403024
36,17,0.061305705438723,0.214321078087854
36,18,0.0621309340614987,0.246961167533143
36,19,0.0629187196224998,0.28679551080386
36,20,0.0636679120332668,0.336123456465757
36,21,0.0643774145828851,0.3982124755144
36,22,0.0650461860347758,0.477814396554012
36,23,0.0656732426202296,0.58202391545566
36,24,0.0662576599253206,0.721758586323686
36,25,0.0667985746660724,0.914418312694205
36,26,0.0672951863485227,1.18890182189765
36,27,0.0677467588098911,1.59562889628143
36,28,0.0681526216373017,2.22800151312537
36,29,0.068512171461198,3.27246432085395
36,30,0.0688248731202317,5.13866401587822
36,31,0.0690902606955422,8.84986730981945
36,32,0.0693079384114653,17.4700659123523
36,33,0.0694775814013489,43.0523501351502
36,34,0.0695989363363803,146.822834243726
36,35,0.0696718219160768,84.8114858798929
36,36,0.0696961292194628,-627.019614212324
36,37,0.0696718219160635,84.8114858798929
36,38,0.069598936336397,146.822834243726
36,39,0.0694775814013426,43.0523501351502
36,40,0.0693079384114655,17.4700659123523
36,41,0.0690902606955422,8.84986730981941
36,42,0.0688248731202317,5.13866401587818
36,43,0.0685121714611947,3.27246432085397
36,44,0.0681526216373051,2.22800151312535
36,45,0.0677467588098944,1.59562889628143
36,46,0.0672951863485192,1.18890182189766
36,47,0.0667985746660723,0.914418312694204
36,48,0.0662576599253206,0.72175858632368
37,0,0.0416155368748075,0.0242519063450761
37,1,0.0428719695416279,0.0278596643114503
37,2,0.0441179178808306,0.031789029233366
37,3,0.0453517155289922,0.0360771455008185
37,4,0.0465717002609709,0.0407676503308025
37,5,0.0477762169942694,0.045912099244687
37,6,0.048963620795416,0.0515717625924005
37,7,0.0501322798814274,0.057819906369162
37,8,0.051280578610494,0.0647447105602343
37,9,0.0524069204551512,0.0724530344004799
37,10,0.0535097309516531,0.0810753176634649
37,11,0.0545874606194927,0.0907720216551291
37,12,0.0556385878441723,0.101742180305304
37,13,0.0566616217178134,0.114234877711066
37,14,0.0576551048307169,0.128564836720419
37,15,0.0586176160082615,0.145133863239998
37,16,0.0595477729872577,0.164460757593745
37,17,0.0604442350253602,0.187223670403024
37,18,0.061305705438723,0.214321078087854
37,19,0.0621309340614989,0.24696116753314
37,20,0.0629187196224932,0.286795510803867
37,21,0.0636679120332733,0.336123456465753
37,22,0.0643774145828851,0.3982124755144
37,23,0.0650461860347758,0.477814396554012
37,24,0.0656732426202296,0.58202391545566
37,25,0.0662576599253141,0.72175858632368
37,26,0.0667985746660791,0.914418312694225
37,27,0.0672951863485226,1.18890182189764
37,28,0.0677467588098911,1.59562889628143
37,29,0.0681526216373018,2.22800151312537
37,30,0.068512171461198,3.27246432085395
37,31,0.0688248731202317,5.13866401587822
37,32,0.0690902606955422,8.84986730981945
37,33,0.0693079384114653,17.4700659123523
37,34,0.0694775814013489,43.0523501351502
37,35,0.0695989363363803,146.822834243726
37,36,0.0696718219160768,84.8114858798929
37,37,0.0696961292194628,-627.019614212324
37,38,0.0696718219160635,84.8114858798929
37,39,0.0695989363363974,146.822834243726
37,40,0.0694775814013424,43.0523501351502
37,41,0.0693079384114653,17.4700659123522
37,42,0.0690902606955422,8.84986730981941
37,43,0.0688248731202317,5.13866401587818
37,44,0.0685121714611947,3.27246432085397
37,45,0.0681526216373051,2.22800151312535
37,46,0.0677467588098944,1.59562889628143
37,47,0.0672951863485192,1.18890182189766
37,48,0.0667985746660723,0.914418312694204
38,0,0.0403502873855758,0.0209339648745134
38,1,0.0416155368748075,0.0242519063450761
38,2,0.0428719695416297,0.027859664311452
38,3,0.0441179178808322,0.0317890292333661
38,4,0.0453517155289888,0.0360771455008169
38,5,0.0465717002609709,0.0407676503308025
38,6,0.0477762169942694,0.045912099244687
38,7,0.048963620795416,0.0515717625924005
38,8,0.0501322798814275,0.057819906369162
38,9,0.051280578610494,0.0647447105602343
38,10,0.0524069204551446,0.0724530344004801
38,11,0.0535097309516598,0.0810753176634657
38,12,0.054587460619496,0.0907720216551287
38,13,0.0556385878441724,0.101742180305303
38,14,0.05666162171781,0.114234877711066
38,15,0.0576551048307169,0.128564836720419
38,16,0.0586176160082615,0.145133863239998
38,17,0.0595477729872577,0.164460757593745
38,18,0.0604442350253602,0.187223670403024
38,19,0.0613057054387264,0.214321078087861
38,20,0.0621309340614989,0.246961167533128
38,21,0.0629187196224897,0.28679551080387
38,22,0.0636679120332733,0.336123456465753
38,23,0.064377414582885,0.3982124755144
38,24,0.0650461860347758,0.477814396554012
38,25,0.0656732426202397,0.582023915455664
38,26,0.0662576599253108,0.721758586323666
38,27,0.0667985746660723,0.914418312694231
38,28,0.0672951863485225,1.18890182189764
38,29,0.0677467588098911,1.59562889628143
38,30,0.0681526216373017,2.22800151312537
38,31,0.068512171461198,3.27246432085395
38,32,0.0688248731202317,5.13866401587822
38,33,0.0690902606955422,8.84986730981945
38,34,0.0693079384114653,17.4700659123523
38,35,0.0694775814013489,43.0523501351502
38,36,0.0695989363363803,146.822834243726
38,37,0.0696718219160768,84.8114858798929
38,38,0.0696961292194628,-627.019614212324
38,39,0.0696718219160639,84.8114858798935
38,40,0.0695989363363906,146.822834243726
38,41,0.0694775814013489,43.0523501351498
38,42,0.0693079384114653,17.4700659123522
38,43,0.0690902606955422,8.84986730981941
38,44,0.0688248731202317,5.13866401587818
38,45,0.0685121714611947,3.27246432085397
38,46,0.0681526216373051,2.22800151312535
38,47,0.0677467588098944,1.59562889628143
38,48,0.0672951863485192,1.18890182189766
39,0,0.0390778867389612,0.0178784875050306
39,1,0.0403502873855726,0.0209339648745099
39,2,0.0416155368748144,0.024251906345076
39,3,0.0428719695416265,0.0278596643114544
39,4,0.0441179178808323,0.0317890292333651
39,5,0.045351715528994,0.0360771455008184
39,6,0.0465717002609644,0.0407676503308016
39,7,0.0477762169942696,0.0459120992446869
39,8,0.0489636207954162,0.0515717625923996
39,9,0.0501322798814309,0.0578199063691611
39,10,0.0512805786104975,0.0647447105602364
39,11,0.0524069204551415,0.0724530344004816
39,12,0.0535097309516567,0.0810753176634634
39,13,0.054587460619493,0.090772021655129
39,14,0.0556385878441726,0.101742180305302
39,15,0.0566616217178136,0.114234877711067
39,16,0.0576551048307172,0.128564836720419
39,17,0.0586176160082618,0.145133863240002
39,18,0.0595477729872547,0.164460757593741
39,19,0.0604442350253606,0.187223670403026
39,20,0.06130570543873,0.21432107808786
39,21,0.0621309340615024,0.246961167533133
39,22,0.0629187196224901,0.286795510803864
39,23,0.063667912033267,0.336123456465757
39,24,0.0643774145828887,0.398212475514403
39,25,0.065046186034773,0.477814396554009
39,26,0.0656732426202301,0.582023915455667
39,27,0.066257659925321,0.721758586323673
39,28,0.066798574666076,0.914418312694225
39,29,0.0672951863485263,1.18890182189767
39,30,0.0677467588098882,1.59562889628142
39,31,0.0681526216373021,2.22800151312537
39,32,0.0685121714611984,3.27246432085395
39,33,0.0688248731202321,5.13866401587823
39,34,0.0690902606955426,8.84986730981947
39,35,0.0693079384114624,17.4700659123523
39,36,0.0694775814013493,43.0523501351502
39,37,0.0695989363363841,146.822834243726
39,38,0.0696718219160772,84.8114858798935
39,39,0.0696961292194669,-627.019614212325
39,40,0.0696718219160641,84.8114858798931
39,41,0.0695989363363874,146.822834243725
39,42,0.0694775814013459,43.05235013515
39,43,0.0693079384114724,17.4700659123523
39,44,0.0690902606955359,8.84986730981946
39,45,0.0688248731202354,5.13866401587819
39,46,0.0685121714611951,3.27246432085396
39,47,0.0681526216372922,2.2280015131254
39,48,0.0677467588099048,1.59562889628141
40,0,0.0377999957984055,0.0150618188678805
40,1,0.0390778867389611,0.0178784875050339
40,2,0.0403502873855709,0.0209339648745099
40,3,0.0416155368748159,0.0242519063450777
40,4,0.0428719695416264,0.027859664311452
40,5,0.0441179178808289,0.0317890292333677
40,6,0.0453517155289956,0.0360771455008152
40,7,0.046571700260971,0.0407676503308041
40,8,0.0477762169942695,0.0459120992446878
40,9,0.0489636207954161,0.0515717625924022
40,10,0.0501322798814242,0.0578199063691595
40,11,0.0512805786104941,0.0647447105602335
40,12,0.052406920455148,0.0724530344004814
40,13,0.05350973095166,0.0810753176634674
40,14,0.0545874606194895,0.0907720216551287
40,15,0.0556385878441791,0.101742180305302
40,16,0.0566616217178101,0.114234877711068
40,17,0.0576551048307104,0.128564836720417
40,18,0.0586176160082716,0.145133863240007
40,19,0.0595477729872514,0.164460757593735
40,20,0.0604442350253571,0.187223670403039
40,21,0.0613057054387264,0.21432107808785
40,22,0.0621309340614989,0.246961167533135
40,23,0.0629187196224932,0.286795510803867
40,24,0.0636679120332702,0.336123456465753
40,25,0.0643774145828887,0.39821247551441
40,26,0.0650461860347828,0.477814396554009
40,27,0.0656732426202231,0.582023915455664
40,28,0.0662576599253208,0.72175858632368
40,29,0.0667985746660659,0.914418312694191
40,30,0.0672951863485294,1.18890182189769
40,31,0.0677467588098913,1.59562889628143
40,32,0.0681526216373053,2.22800151312538
40,33,0.0685121714611882,3.27246432085395
40,34,0.0688248731202353,5.13866401587821
40,35,0.0690902606955457,8.84986730981949
40,36,0.0693079384114656,17.4700659123523
40,37,0.0694775814013424,43.0523501351502
40,38,0.0695989363363839,146.822834243726
40,39,0.0696718219160774,84.8114858798931
40,40,0.0696961292194665,-627.019614212326
40,41,0.069671821916067,84.8114858798938
40,42,0.0695989363363939,146.822834243726
40,43,0.0694775814013358,43.0523501351503
40,44,0.0693079384114722,17.4700659123523
40,45,0.0690902606955391,8.84986730981949
40,46,0.0688248731202286,5.1386640158782
40,47,0.0685121714612082,3.27246432085396
40,48,0.0681526216372953,2.2280015131254
41,0,0.0365182676912544,0.0124633975574178
41,1,0.0377999957984088,0.0150618188678805
41,2,0.0390778867389578,0.0178784875050356
41,3,0.0403502873855724,0.0209339648745067
41,4,0.0416155368748141,0.0242519063450795
41,5,0.0428719695416246,0.0278596643114478
41,6,0.0441179178808338,0.0317890292333719
41,7,0.0453517155289888,0.0360771455008127
41,8,0.0465717002609709,0.0407676503308041
41,9,0.0477762169942694,0.0459120992446861
41,10,0.0489636207954193,0.051571762592403
41,11,0.0501322798814341,0.0578199063691591
41,12,0.0512805786104873,0.0647447105602368
41,13,0.0524069204551446,0.0724530344004768
41,14,0.0535097309516664,0.0810753176634693
41,15,0.0545874606194793,0.0907720216551274
41,16,0.0556385878441823,0.101742180305301
41,17,0.0566616217178166,0.114234877711066
41,18,0.0576551048307036,0.128564836720416
41,19,0.0586176160082749,0.145133863240007
41,20,0.0595477729872512,0.164460757593728
41,21,0.0604442350253568,0.187223670403042
41,22,0.0613057054387296,0.214321078087854
41,23,0.0621309340615021,0.246961167533132
41,24,0.0629187196224864,0.286795510803867
41,25,0.0636679120332635,0.336123456465747
41,26,0.0643774145828918,0.39821247551441
41,27,0.0650461860347858,0.477814396554012
41,28,0.0656732426202196,0.582023915455657
41,29,0.0662576599253273,0.72175858632368
41,30,0.0667985746660657,0.914418312694198
41,31,0.0672951863485259,1.18890182189767
41,32,0.0677467588098878,1.59562889628142
41,33,0.068152621637315,2.22800151312537
41,34,0.0685121714611847,3.27246432085395
41,35,0.068824873120235,5.13866401587816
41,36,0.0690902606955422,8.84986730981947
41,37,0.0693079384114687,17.4700659123522
41,38,0.0694775814013422,43.0523501351498
41,39,0.0695989363363841,146.822834243725
41,40,0.069671821916077,84.8114858798938
41,41,0.0696961292194628,-627.019614212324
41,42,0.0696718219160635,84.8114858798929
41,43,0.069598936336397,146.822834243726
41,44,0.0694775814013422,43.0523501351502
41,45,0.0693079384114653,17.4700659123523
41,46,0.0690902606955455,8.84986730981948
41,47,0.0688248731202284,5.13866401587817
41,48,0.0685121714611947,3.27246432085397
42,0,0.0352343449069983,0.0100652626673814
42,1,0.0365182676912544,0.0124633975574178
42,2,0.0377999957984072,0.0150618188678788
42,3,0.0390778867389594,0.0178784875050356
42,4,0.0403502873855724,0.0209339648745084
42,5,0.0416155368748141,0.0242519063450795
42,6,0.0428719695416246,0.0278596643114478
42,7,0.0441179178808338,0.0317890292333719
42,8,0.0453517155289888,0.0360771455008127
42,9,0.0465717002609708,0.0407676503308041
42,10,0.0477762169942727,0.0459120992446853
42,11,0.0489636207954094,0.0515717625924022
42,12,0.0501322798814374,0.0578199063691608
42,13,0.0512805786104907,0.0647447105602364
42,14,0.0524069204551445,0.0724530344004768
42,15,0.0535097309516664,0.0810753176634693
42,16,0.0545874606194793,0.0907720216551274
42,17,0.0556385878441823,0.101742180305301
42,18,0.0566616217178166,0.114234877711066
42,19,0.0576551048307037,0.128564836720417
42,20,0.0586176160082749,0.145133863240006
42,21,0.0595477729872511,0.16446075759373
42,22,0.0604442350253569,0.187223670403042
42,23,0.0613057054387296,0.214321078087854
42,24,0.0621309340615021,0.246961167533132
42,25,0.0629187196224932,0.286795510803867
42,26,0.0636679120332635,0.336123456465753
42,27,0.064377414582885,0.398212475514403
42,28,0.0650461860347858,0.477814396554012
42,29,0.0656732426202196,0.582023915455657
42,30,0.0662576599253273,0.72175858632368
42,31,0.0667985746660657,0.914418312694198
42,32,0.0672951863485259,1.18890182189767
42,33,0.0677467588098878,1.59562889628142
42,34,0.068152621637315,2.22800151312537
42,35,0.0685121714611847,3.27246432085395
42,36,0.068824873120235,5.13866401587816
42,37,0.0690902606955422,8.84986730981947
42,38,0.0693079384114687,17.4700659123522
42,39,0.0694775814013426,43.05235013515
42,40,0.0695989363363839,146.822834243726
42,41,0.0696718219160768,84.8114858798929
42,42,0.0696961292194628,-627.019614212324
42,43,0.0696718219160635,84.8114858798929
42,44,0.069598936336397,146.822834243726
42,45,0.0694775814013422,43.0523501351502
42,46,0.0693079384114653,17.4700659123523
42,47,0.0690902606955455,8.84986730981948
42,48,0.0688248731202284,5.13866401587817
43,0,0.0339498564346361,0.00785164792167392
43,1,0.0352343449069983,0.0100652626673814
43,2,0.0365182676912495,0.012463397557416
43,3,0.0377999957984088,0.0150618188678822
43,4,0.039077886738961,0.017878487505034
43,5,0.0403502873855724,0.0209339648745084
43,6,0.0416155368748141,0.0242519063450795
43,7,0.0428719695416246,0.0278596643114478
43,8,0.0441179178808339,0.031789029233371
43,9,0.0453517155289888,0.0360771455008135
43,10,0.0465717002609742,0.0407676503308058
43,11,0.047776216994276,0.045912099244687
43,12,0.048963620795406,0.0515717625923997
43,13,0.0501322798814374,0.0578199063691599
43,14,0.0512805786104873,0.0647447105602368
43,15,0.0524069204551445,0.0724530344004768
43,16,0.0535097309516664,0.0810753176634693
43,17,0.0545874606194793,0.0907720216551274
43,18,0.0556385878441823,0.101742180305301
43,19,0.0566616217178168,0.114234877711068
43,20,0.0576551048307037,0.128564836720417
43,21,0.0586176160082747,0.145133863240004
43,22,0.0595477729872511,0.16446075759373
43,23,0.0604442350253568,0.187223670403042
43,24,0.0613057054387296,0.214321078087854
43,25,0.0621309340614955,0.246961167533137
43,26,0.0629187196224998,0.28679551080386
43,27,0.0636679120332634,0.336123456465753
43,28,0.064377414582885,0.398212475514403
43,29,0.0650461860347858,0.477814396554012
43,30,0.0656732426202196,0.582023915455657
43,31,0.0662576599253273,0.72175858632368
43,32,0.0667985746660657,0.914418312694198
43,33,0.0672951863485259,1.18890182189767
43,34,0.0677467588098878,1.59562889628142
43,35,0.068152621637315,2.22800151312537
43,36,0.0685121714611847,3.27246432085395
43,37,0.068824873120235,5.13866401587816
43,38,0.0690902606955422,8.84986730981947
43,39,0.0693079384114724,17.4700659123523
43,40,0.0694775814013425,43.0523501351502
43,41,0.0695989363363803,146.822834243726
43,42,0.0696718219160768,84.8114858798929
43,43,0.0696961292194628,-627.019614212324
43,44,0.0696718219160635,84.8114858798929
43,45,0.069598936336397,146.822834243726
43,46,0.0694775814013422,43.0523501351502
43,47,0.0693079384114653,17.4700659123523
43,48,0.0690902606955455,8.84986730981948
44,0,0.0326664149446553,0.00580864622290357
44,1,0.0339498564346361,0.00785164792167392
44,2,0.0352343449070009,0.010065262667383
44,3,0.0365182676912461,0.0124633975574128
44,4,0.0377999957984105,0.0150618188678839
44,5,0.039077886738961,0.017878487505034
44,6,0.0403502873855724,0.0209339648745084
44,7,0.0416155368748141,0.0242519063450795
44,8,0.042871969541628,0.0278596643114503
44,9,0.0441179178808305,0.0317890292333686
44,10,0.0453517155289888,0.0360771455008135
44,11,0.0465717002609676,0.0407676503308033
44,12,0.0477762169942794,0.0459120992446886
44,13,0.0489636207954061,0.0515717625924005
44,14,0.0501322798814407,0.0578199063691603
44,15,0.0512805786104873,0.0647447105602368
44,16,0.0524069204551445,0.0724530344004768
44,17,0.0535097309516664,0.0810753176634693
44,18,0.0545874606194793,0.0907720216551274
44,19,0.0556385878441791,0.101742180305301
44,20,0.0566616217178134,0.114234877711068
44,21,0.0576551048307102,0.128564836720417
44,22,0.0586176160082748,0.145133863240004
44,23,0.0595477729872511,0.16446075759373
44,24,0.0604442350253568,0.187223670403042
44,25,0.0613057054387297,0.21432107808785
44,26,0.0621309340614955,0.246961167533142
44,27,0.0629187196224997,0.28679551080386
44,28,0.0636679120332633,0.336123456465753
44,29,0.0643774145828851,0.398212475514403
44,30,0.0650461860347858,0.477814396554012
44,31,0.0656732426202196,0.582023915455657
44,32,0.0662576599253273,0.72175858632368
44,33,0.0667985746660657,0.914418312694198
44,34,0.0672951863485259,1.18890182189767
44,35,0.0677467588098878,1.59562889628142
44,36,0.068152621637315,2.22800151312537
44,37,0.0685121714611847,3.27246432085395
44,38,0.068824873120235,5.13866401587816
44,39,0.0690902606955393,8.84986730981948
44,40,0.0693079384114689,17.4700659123523
44,41,0.0694775814013489,43.0523501351502
44,42,0.0695989363363803,146.822834243726
44,43,0.0696718219160768,84.8114858798929
44,44,0.0696961292194628,-627.019614212324
44,45,0.0696718219160635,84.8114858798929
44,46,0.069598936336397,146.822834243726
44,47,0.0694775814013422,43.0523501351502
44,48,0.0693079384114653,17.4700659123523
45,0,0.0313856140215259,0.00392393112685764
45,1,0.0326664149446553,0.00580864622290357
45,2,0.0339498564346378,0.00785164792167219
45,3,0.0352343449070009,0.0100652626673864
45,4,0.0365182676912444,0.0124633975574111
45,5,0.0377999957984105,0.0150618188678839
45,6,0.039077886738961,0.017878487505034
45,7,0.0403502873855724,0.0209339648745084
45,8,0.0416155368748108,0.0242519063450778
45,9,0.0428719695416312,0.0278596643114528
45,10,0.0441179178808255,0.0317890292333686
45,11,0.0453517155289971,0.036077145500816
45,12,0.0465717002609643,0.0407676503308016
45,13,0.0477762169942827,0.0459120992446886
45,14,0.0489636207954027,0.0515717625923989
45,15,0.0501322798814407,0.0578199063691603
45,16,0.0512805786104873,0.0647447105602368
45,17,0.0524069204551445,0.0724530344004768
45,18,0.0535097309516664,0.0810753176634693
45,19,0.0545874606194827,0.0907720216551275
45,20,0.0556385878441791,0.101742180305301
45,21,0.05666162171781,0.114234877711067
45,22,0.0576551048307102,0.128564836720417
45,23,0.0586176160082748,0.145133863240004
45,24,0.0595477729872511,0.16446075759373
45,25,0.0604442350253603,0.187223670403039
45,26,0.0613057054387231,0.214321078087851
45,27,0.0621309340614987,0.246961167533143
45,28,0.0629187196224997,0.28679551080386
45,29,0.0636679120332634,0.336123456465753
45,30,0.064377414582885,0.398212475514403
45,31,0.0650461860347858,0.477814396554012
45,32,0.0656732426202196,0.582023915455657
45,33,0.0662576599253273,0.72175858632368
45,34,0.0667985746660657,0.914418312694198
45,35,0.0672951863485259,1.18890182189767
45,36,0.0677467588098878,1.59562889628142
45,37,0.068152621637315,2.22800151312537
45,38,0.0685121714611847,3.27246432085395
45,39,0.0688248731202354,5.1386640158782
45,40,0.0690902606955424,8.84986730981948
45,41,0.0693079384114653,17.4700659123523
45,42,0.0694775814013489,43.0523501351502
45,43,0.0695989363363803,146.822834243726
45,44,0.0696718219160768,84.8114858798929
45,45,0.0696961292194628,-627.019614212324
45,46,0.0696718219160635,84.8114858798929
45,47,0.069598936336397,146.822834243726
45,48,0.0694775814013422,43.0523501351502
46,0,0.0301090254525601,0.00218652458075206
46,1,0.0313856140215259,0.00392393112685764
46,2,0.0326664149446545,0.00580864622290517
46,3,0.0339498564346411,0.00785164792167223
46,4,0.0352343449069983,0.0100652626673848
46,5,0.0365182676912444,0.0124633975574111
46,6,0.0377999957984105,0.0150618188678839
46,7,0.039077886738961,0.017878487505034
46,8,0.0403502873855724,0.0209339648745084
46,9,0.0416155368748108,0.0242519063450778
46,10,0.0428719695416329,0.0278596643114512
46,11,0.0441179178808272,0.0317890292333686
46,12,0.0453517155289972,0.0360771455008177
46,13,0.0465717002609609,0.0407676503308008
46,14,0.0477762169942827,0.0459120992446895
46,15,0.0489636207954027,0.0515717625923989
46,16,0.0501322798814407,0.0578199063691603
46,17,0.0512805786104873,0.0647447105602368
46,18,0.0524069204551445,0.0724530344004768
46,19,0.0535097309516632,0.0810753176634688
46,20,0.0545874606194894,0.0907720216551289
46,21,0.0556385878441756,0.101742180305301
46,22,0.05666162171781,0.114234877711067
46,23,0.0576551048307102,0.128564836720417
46,24,0.0586176160082748,0.145133863240004
46,25,0.0595477729872479,0.164460757593736
46,26,0.0604442350253636,0.187223670403029
46,27,0.061305705438723,0.214321078087854
46,28,0.0621309340614987,0.246961167533143
46,29,0.0629187196224997,0.28679551080386
46,30,0.0636679120332634,0.336123456465753
46,31,0.064377414582885,0.398212475514403
46,32,0.0650461860347858,0.477814396554012
46,33,0.0656732426202196,0.582023915455657
46,34,0.0662576599253273,0.72175858632368
46,35,0.0667985746660657,0.914418312694198
46,36,0.0672951863485259,1.18890182189767
46,37,0.0677467588098878,1.59562889628142
46,38,0.068152621637315,2.22800151312537
46,39,0.0685121714611818,3.27246432085393
46,40,0.0688248731202386,5.13866401587824
46,41,0.0690902606955422,8.84986730981945
46,42,0.0693079384114653,17.4700659123523
46,43,0.0694775814013489,43.0523501351502
46,44,0.0695989363363803,146.822834243726
46,45,0.0696718219160768,84.8114858798929
46,46,0.0696961292194628,-627.019614212324
46,47,0.0696718219160635,84.8114858798929
46,48,0.069598936336397,146.822834243726
47,0,0.0288381965781263,0.00058660245200802
47,1,0.0301090254525601,0.00218652458075206
47,2,0.0313856140215268,0.0039239311268559
47,3,0.032666414944652,0.00580864622290522
47,4,0.0339498564346427,0.00785164792167392
47,5,0.0352343449069983,0.0100652626673848
47,6,0.0365182676912444,0.0124633975574111
47,7,0.0377999957984105,0.0150618188678839
47,8,0.0390778867389611,0.017878487505034
47,9,0.0403502873855724,0.0209339648745084
47,10,0.0416155368748125,0.0242519063450778
47,11,0.0428719695416263,0.0278596643114503
47,12,0.0441179178808289,0.0317890292333669
47,13,0.0453517155289972,0.0360771455008185
47,14,0.0465717002609642,0.0407676503308008
47,15,0.0477762169942827,0.0459120992446895
47,16,0.0489636207954027,0.0515717625923989
47,17,0.0501322798814407,0.0578199063691603
47,18,0.0512805786104873,0.0647447105602368
47,19,0.052406920455148,0.0724530344004783
47,20,0.0535097309516565,0.0810753176634657
47,21,0.0545874606194926,0.0907720216551305
47,22,0.0556385878441756,0.101742180305301
47,23,0.05666162171781,0.114234877711067
47,24,0.0576551048307102,0.128564836720417
47,25,0.0586176160082715,0.145133863240002
47,26,0.0595477729872545,0.164460757593743
47,27,0.0604442350253602,0.187223670403024
47,28,0.0613057054387229,0.214321078087854
47,29,0.0621309340614988,0.246961167533143
47,30,0.0629187196224997,0.28679551080386
47,31,0.0636679120332634,0.336123456465753
47,32,0.064377414582885,0.398212475514403
47,33,0.0650461860347858,0.477814396554012
47,34,0.0656732426202196,0.582023915455657
47,35,0.0662576599253273,0.72175858632368
47,36,0.0667985746660657,0.914418312694198
47,37,0.0672951863485259,1.18890182189767
47,38,0.0677467588098878,1.59562889628142
47,39,0.0681526216373121,2.2280015131254
47,40,0.0685121714611916,3.27246432085393
47,41,0.0688248731202317,5.13866401587822
47,42,0.0690902606955422,8.84986730981945
47,43,0.0693079384114653,17.4700659123523
47,44,0.0694775814013489,43.0523501351502
47,45,0.0695989363363803,146.822834243726
47,46,0.0696718219160768,84.8114858798929
47,47,0.0696961292194628,-627.019614212324
47,48,0.0696718219160635,84.8114858798929
48,0,0.0275746477089723,-0.000884668923881574
48,1,0.0288381965781263,0.00058660245200802
48,2,0.0301090254525593,0.00218652458075364
48,3,0.0313856140215276,0.00392393112685595
48,4,0.032666414944652,0.00580864622290357
48,5,0.0339498564346427,0.00785164792167392
48,6,0.0352343449069983,0.0100652626673848
48,7,0.0365182676912444,0.0124633975574111
48,8,0.0377999957984138,0.0150618188678839
48,9,0.0390778867389577,0.017878487505034
48,10,0.0403502873855724,0.0209339648745084
48,11,0.0416155368748108,0.0242519063450795
48,12,0.0428719695416296,0.0278596643114512
48,13,0.0441179178808306,0.0317890292333669
48,14,0.0453517155289938,0.0360771455008177
48,15,0.0465717002609642,0.0407676503308008
48,16,0.0477762169942827,0.0459120992446895
48,17,0.0489636207954027,0.0515717625923989
48,18,0.0501322798814407,0.0578199063691603
48,19,0.0512805786104874,0.064744710560236
48,20,0.0524069204551446,0.0724530344004801
48,21,0.0535097309516598,0.0810753176634647
48,22,0.0545874606194927,0.0907720216551305
48,23,0.0556385878441756,0.101742180305301
48,24,0.05666162171781,0.114234877711067
48,25,0.057655104830717,0.128564836720417
48,26,0.0586176160082616,0.14513386324
48,27,0.0595477729872577,0.164460757593745
48,28,0.0604442350253602,0.187223670403024
48,29,0.061305705438723,0.214321078087854
48,30,0.0621309340614987,0.246961167533143
48,31,0.0629187196224997,0.28679551080386
48,32,0.0636679120332634,0.336123456465753
48,33,0.064377414582885,0.398212475514403
48,34,0.0650461860347858,0.477814396554012
48,35,0.0656732426202196,0.582023915455657
48,36,0.0662576599253273,0.72175858632368
48,37,0.0667985746660657,0.914418312694198
48,38,0.0672951863485259,1.18890182189767
48,39,0.0677467588098915,1.59562889628141
48,40,0.068152621637302,2.2280015131254
48,41,0.068512171461198,3.27246432085395
48,42,0.0688248731202317,5.13866401587822
48,43,0.0690902606955422,8.84986730981945
48,44,0.0693079384114653,17.4700659123523
48,45,0.0694775814013489,43.0523501351502
48,46,0.0695989363363803,146.822834243726
48,47,0.0696718219160768,84.8114858798929
48,48,0.0696961292194628,-627.019614212324
